plaintext1,plaintext2,ciphertext1,ciphertext2,delta_in,delta_out
0xBBAB,0x54D2,0x46C2,0x1DE4,0xEF79,0x5B26
0x2E65,0xF6FA,0xDB15,0x835E,0xD89F,0x584B
0xEBE2,0x29D0,0x864B,0xC0A7,0xC232,0x46EC
0x9BDC,0x82BF,0x6E79,0x6F87,0x1963,0x01FE
0x022A,0x3C7B,0xFF1A,0xC515,0x3E51,0x3A0F
0x998C,0x7C9E,0x68CB,0x0D38,0xE512,0x65F3
0xD7E3,0x4612,0x4276,0x73B6,0x91F1,0x31C0
0x3E06,0x0323,0xCBE2,0xEE82,0x3D25,0x2560
0x4395,0xCBEE,0x3608,0xB67F,0x887B,0x8077
0x805C,0x0D6A,0x7182,0xF435,0x8D36,0x85B7
0x7C57,0x411F,0x4DB1,0x3084,0x3D48,0x7D35
0x5749,0x2B38,0x2240,0xDEED,0x7C71,0xFCAD
0x8C3C,0x121A,0x756E,0xEFBA,0x9E26,0x9AD4
0x415E,0x5A61,0x3045,0x2F85,0x1B3F,0x1FC0
0xCA39,0x4165,0xBF4D,0x307A,0x8B5C,0x8F37
0xBBFD,0x601F,0x4E38,0x11A5,0xDBE2,0x5F9D
0xB84E,0xEC02,0x49AC,0x852C,0x544C,0xCC80
0x6325,0x35E5,0x1698,0xCC8E,0x56C0,0xDA16
0x4000,0xD544,0x399E,0xACCF,0x9544,0x9551
0x3ED6,0x29D6,0x8B72,0x9865,0x1700,0x1317
0x6CBB,0x3429,0x1505,0xC5C3,0x5892,0xD0C6
0x3C0D,0x8DA9,0xC5EF,0x7CFA,0xB1A4,0xB915
0x73E9,0x0C53,0x06C4,0xC53D,0x7FBA,0xC3F9
0x17DF,0xD294,0xE292,0xA798,0xC54B,0x450A
0xA5E2,0x6751,0x4C05,0x1268,0xC2B3,0x5E6D
0xA54A,0x135C,0x5CBD,0xE611,0xB616,0xBAAC
0x33C7,0x1F07,0x0ECE,0xEAC2,0x2CC0,0xE40C
0x7652,0x204E,0x2346,0xD134,0x561C,0xF272
0x0E02,0x7112,0xEBCE,0x3881,0x7F10,0xD34F
0x40BB,0x550D,0x3929,0x3C86,0x15B6,0x05AF
0xBBC6,0x71EC,0x16E7,0x00C3,0xCA2A,0x1624
0x6CF3,0xDAF9,0x653D,0xAF9D,0xB60A,0xCAA0
0x9F9C,0xA924,0x6ADD,0x5853,0x36B8,0x328E
0x4102,0x66B1,0x2881,0x1309,0x27B3,0x3B88
0xDAA1,0x5B1A,0xAF45,0x2693,0x81BB,0x89D6
0xBCB3,0xEB83,0xB5AD,0x86AA,0x5730,0x3307
0x2D45,0x6CA8,0xA436,0x1D1A,0x41ED,0xB92C
0x9DC5,0xE03E,0x7406,0x9104,0x7DFB,0xE502
0x0AA6,0xCED5,0x47B6,0xBB45,0xC473,0xFCF3
0xCE9D,0xA2C8,0xBB8D,0x5734,0x6C55,0xECB9
0x3069,0xC3DD,0xD907,0xB640,0xF3B4,0x6F47
0x5ED3,0x2E03,0x1BEF,0xCBEF,0x70D0,0xD000
0xA90C,0x6D70,0x587B,0x1C43,0xC47C,0x4438
0x228A,0x2556,0xDF5A,0x94E9,0x07DC,0x4BB3
0x5E14,0xCB9B,0x2B94,0xB682,0x958F,0x9D16
0xFD73,0xE5B1,0xF42C,0x948A,0x18C2,0x60A6
0x9991,0x3F4C,0x50D6,0xCA2D,0xA6DD,0x9AFB
0x7393,0xE9DF,0x3E62,0x986C,0x9A4C,0xA60E
0xB324,0xB794,0x4649,0x42FD,0x04B0,0x04B4
0x242A,0xB35B,0xDDDC,0x4E9A,0x9771,0x9346
0x94B7,0x3DC6,0x2539,0xCCA1,0xA971,0xE998
0x099C,0x40D6,0xF84B,0x710C,0x494A,0x8947
0xAC3D,0x55BD,0x554F,0x5C36,0xF980,0x0979
0x8E7C,0x6330,0x7BAC,0x168D,0xED4C,0x6D21
0xAA7A,0x71B8,0x5782,0x3817,0xDBC2,0x6F95
0xCDB3,0x6B7E,0x44DC,0x164F,0xA6CD,0x5293
0x4C29,0xEF89,0x3DBB,0x9AB8,0xA3A0,0xA703
0x7318,0x9B51,0x06B5,0x6EF4,0xE849,0x6841
0xD3C0,0xE3CC,0xA64D,0x9671,0x300C,0x303C
0x3421,0x278E,0xC5CB,0xD273,0x13AF,0x17B8
0x7463,0x6CC3,0x1D55,0x05ED,0x18A0,0x18B8
0x7AD2,0x0B21,0x37CA,0xFE14,0x71F3,0xC9DE
0x889A,0x5127,0x71C0,0x20AC,0xD9BD,0x516C
0x3529,0x36E3,0xC4C2,0xE397,0x03CA,0x2755
0x2018,0xFED8,0xC9E6,0x8B78,0xDEC0,0x429E
0x0D93,0x545C,0xC47C,0x1D56,0x59CF,0xD92A
0x75E1,0xE0D9,0x04CA,0x8967,0x9538,0x8DAD
0x88FC,0x45EB,0x792A,0x3CFC,0xCD17,0x45D6
0xF0F5,0x2863,0x815B,0xC109,0xD896,0x4052
0xE361,0x6BEC,0x96DC,0x1EF9,0x888D,0x8825
0x1B9F,0x03BA,0xE65E,0xFE8B,0x1825,0x18D5
0x358D,0xEF2D,0xDC66,0x9A1C,0xDAA0,0x467A
0x7C14,0x055F,0x75B6,0xF400,0x794B,0x81B6
0x332C,0xEE2F,0xC6C1,0x9B1B,0xDD03,0x5DDA
0xA63E,0x8DC6,0x5342,0x7C11,0x2BF8,0x2F53
0x2912,0x2FC1,0xE0D9,0xDAB0,0x06D3,0x3A69
0x9949,0x5F5C,0x608E,0x2A5D,0xC615,0x4AD3
0x9122,0x32E4,0x7871,0xC788,0xA3C6,0xBFF9
0x877F,0x6F5F,0x72A2,0x1A6A,0xE820,0x68C8
0x8C72,0x8CDF,0x055C,0x7D09,0x00AD,0x7855
0xD2D6,0xD0C2,0xAFBE,0xB950,0x0214,0x16EE
0x67BA,0xF7DD,0x120F,0x8274,0x9067,0x907B
0x11E1,0xE215,0xE8AE,0x9729,0xF3F4,0x7F87
0xC1B8,0xF2E2,0xA8A7,0x9F72,0x335A,0x37D5
0x21FF,0x17A8,0xD084,0xE261,0x3657,0x32E5
0xE574,0xDFFF,0x9CCF,0xAA7A,0x3A8B,0x36B5
0x53D3,0x0110,0x1EC2,0xF8CF,0x52C3,0xE60D
0x2FAE,0x65C1,0xDA5B,0x14FA,0x4A6F,0xCEA1
0xE814,0x9D29,0x9922,0x6C6A,0x753D,0xF548
0x874B,0xCABC,0x729E,0xBFC8,0x4DF7,0xCD56
0xCE80,0x23CA,0xBB90,0xDE9B,0xED4A,0x650B
0xCE20,0xD5DF,0xBB30,0xA450,0x1BFF,0x1F60
0x607E,0xE171,0x1144,0x98CE,0x810F,0x898A
0x48C3,0x4F93,0x21C9,0x0A3E,0x0750,0x2BF7
0xD242,0x5554,0xBFB2,0x2C5F,0x8716,0x93ED
0x49EE,0x3C04,0x38FD,0xD5E6,0x75EA,0xED1B
0xC606,0x06F1,0xB31A,0xF3A9,0xC0F7,0x40B3
0xFC09,0x6572,0x8D2B,0x6CB5,0x997B,0xE19E
0x2ADB,0x08B9,0xD7A3,0xF16F,0x2262,0x26CC
0xD01D,0x8020,0xA113,0x797E,0x503D,0xD86D
0x8C75,0xF5D6,0x65A7,0xC4B9,0x79A3,0xA11E
0x1BF8,0x836F,0xEEDD,0x0E96,0x9897,0xE04B
0xECA6,0x03FB,0x9D90,0xFE4A,0xEF5D,0x63DA
0xB8C0,0x832D,0x5126,0x7670,0x3BED,0x2756
0xB05B,0x059A,0x49B9,0xFC4D,0xB5C1,0xB5F4
0x38CD,0x9632,0xC9AB,0x8306,0xAEFF,0x4AAD
0x0A76,0xDB5C,0xE726,0xAE39,0xD12A,0x491F
0xF96B,0x91FD,0x80C0,0x6032,0x6896,0xE0F2
0x0ABB,0xE45E,0xF763,0x95E0,0xEEE5,0x6283
0x1EFC,0x2242,0xEBBC,0xCF02,0x3CBE,0x24BE
0x3C60,0xDBAA,0xCD02,0xA6A3,0xE7CA,0x6BA1
0x06BB,0x43E2,0xF36F,0x2E03,0x4559,0xDD6C
0xBE67,0x2833,0x4B83,0x21B9,0x9654,0x6A3A
0x39B6,0xDAA4,0x8895,0xAF40,0xE312,0x27D5
0x1AD4,0x8C1D,0xEFF0,0x754F,0x96C9,0x9ABF
0x412A,0x637F,0x38B9,0x0E66,0x2255,0x36DF
0xCFE0,0xBAE2,0xBA71,0x571A,0x7502,0xED6B
0xF504,0xCBC3,0x8C2F,0xA64A,0x3EC7,0x2A65
0xD39C,0x0286,0xA691,0x3F7E,0xD11A,0x99EF
0x51FD,0x90E3,0x20F2,0x7931,0xC11E,0x59C3
0xB1CA,0x4927,0x4829,0x38B4,0xF8ED,0x709D
0x6943,0x604F,0x0068,0x1175,0x090C,0x111D
0xB5D2,0x680F,0x7C05,0x19BD,0xDDDD,0x65B8
0xE542,0x40B9,0x8CE5,0x2927,0xA5FB,0xA5C2
0xB768,0x8198,0x4281,0x68C7,0x36F0,0x2A46
0xF487,0xF8E6,0x85A9,0x8944,0x0C61,0x0CED
0x1AC1,0x3D5F,0xEFE5,0xCC38,0x279E,0x23DD
0xA18A,0xF9E2,0x58F9,0x9059,0x5868,0xC8A0
0xE224,0x4D01,0x9718,0x3C92,0xAF25,0xAB8A
0x1990,0x6B5F,0xD057,0x166E,0x72CF,0xC639
0x8D46,0xAE9D,0x7C91,0x5BED,0x23DB,0x277C
0x700F,0x31E2,0x01A5,0xD891,0x41ED,0xD934
0x1031,0x6E86,0xE9FF,0x1B32,0x7EB7,0xF2CD
0x8182,0x3FBA,0x68C1,0xFA57,0xBE38,0x9296
0x0650,0x22E5,0xF308,0xD799,0x24B5,0x2491
0x9E3A,0x5C66,0x9B76,0x2D60,0xC25C,0xB616
0xC25B,0xEAC3,0xBFAB,0x876B,0x2898,0x38C0
0xFC21,0x0D58,0x8D03,0xFC0B,0xF179,0x7108
0xB9EC,0x724D,0x480B,0x0761,0xCBA1,0x4F6A
0x0213,0x808F,0xCFD3,0x71D5,0x829C,0xBE06
0x6707,0xDE70,0x12BA,0xABF0,0xB977,0xB94A
0x3CD7,0x0BA2,0x8D71,0xE66B,0x3775,0x6B1A
0x2ED6,0x0078,0x9B62,0xE926,0x2EAE,0x7244
0xC48E,0x4F8B,0xB590,0x0A16,0x8B05,0xBF86
0x5FEA,0xB0C6,0x3AE7,0x412C,0xEF2C,0x7BCB
0x38A0,0x0DD8,0xD146,0xFC8B,0x3578,0x2DCD
0xF7B1,0xF364,0x8298,0x86C9,0x04D5,0x0451
0x7455,0x7BD2,0x0D7F,0x36CB,0x0F87,0x3BB4
0x4113,0x393A,0x08B0,0xC0D1,0x7829,0xC861
0xA072,0xBF11,0x2970,0x4A70,0x1F63,0x6300
0x1F76,0xFBD6,0x2A73,0x7677,0xE4A0,0x5C04
0x1EFC,0x3252,0xEBBC,0xFFE2,0x2CAE,0x145E
0x3E99,0x39B5,0xCB79,0xC852,0x072C,0x032B
0xD208,0x6427,0xA704,0x1599,0xB62F,0xB29D
0xE7A1,0x1DFA,0x9298,0xE4B5,0xFA5B,0x762D
0x157F,0x69AB,0xE430,0x1010,0x7CD4,0xF420
0x519D,0x6EED,0x2012,0x1BDD,0x3F70,0x3BCF
0x1A29,0xA72D,0xEF8D,0x5254,0xBD04,0xBDD9
0x1861,0xDEE0,0xF127,0xAB60,0xC681,0x5A47
0x891E,0x310C,0x784D,0xC0E3,0xB812,0xB8AE
0xA950,0xC75B,0x40A7,0xB2CE,0x6E0B,0xF269
0x0A52,0x9370,0xC73A,0x66BD,0x9922,0xA187
0x1DB0,0x5F90,0xEC73,0x2A11,0x4220,0xC662
0xD4E0,0xA4B7,0xA56A,0x1509,0x7057,0xB063
0x0E45,0xDAAF,0xFB15,0xA7AF,0xD4EA,0x5CBA
0x05E8,0xD70B,0xF4B3,0xA20E,0xD2E3,0x56BD
0xCD38,0xB389,0xBC2B,0x46E4,0x7EB1,0xFACF
0xCE9A,0x8CB7,0xAB86,0x3D21,0x422D,0x96A7
0x9A2E,0xE1FA,0x676E,0x9849,0x7BD4,0xFF27
0x977F,0x3B06,0x62B2,0x16A7,0xAC79,0x7415
0xF219,0x4C1A,0x8735,0x3584,0xBE03,0xB2B1
0xFA34,0xBAB8,0x8F30,0x4FFC,0x408C,0xC0CC
0x6200,0xBEE0,0x17BC,0x4B00,0xDCE0,0x5CBC
0xD65A,0x6D12,0xA3DE,0x249D,0xBB48,0x8743
0xF291,0x6CB0,0x87BD,0x1D02,0x9E21,0x9ABF
0xFB84,0xE986,0x8E81,0x98B5,0x1202,0x1634
0x8B5D,0x6382,0x7E68,0x0E03,0xE8DF,0x706B
0xFF9A,0x337A,0xFAB7,0xCE3B,0xCCE0,0x348C
0x9A41,0xE93B,0x6FE5,0x9000,0x737A,0xFFE5
0xA109,0x3B20,0xA876,0xCEE5,0x9A29,0x6693
0x3A59,0x0A86,0xCF1D,0x8796,0x30DF,0x488B
0x40FA,0x8F59,0x39E8,0x7A88,0xCFA3,0x4360
0xE8A4,0x1664,0x9992,0xE32C,0xFEC0,0x7ABE
0x3DBD,0x2A3B,0xC45E,0xD7C3,0x1786,0x139D
0xBD75,0x5A16,0x7496,0x1796,0xE763,0x6300
0xC262,0x7EEA,0xAF02,0x1BC6,0xBC88,0xB4C4
0xB4C4,0x3633,0x4D2E,0x23A7,0x82F7,0x6E89
0x6501,0x103F,0x14BA,0xE1F5,0x753E,0xF54F
0xC3D3,0x1A40,0x8E52,0xEF64,0xD993,0x6136
0x19DF,0x2B59,0xE89C,0xDE0C,0x3286,0x3690
0xA466,0xEF6C,0x5598,0x9ADD,0x4B0A,0xCF45
0xCED3,0x9E1F,0x8B7F,0x6B5B,0x50CC,0xE024
0xB6EA,0x3A98,0x430E,0xCF5C,0x8C72,0x8C52
0xE3CB,0x8E10,0x9E5A,0x7B40,0x6DDB,0xE51A
0x6DD6,0xA21A,0x5C21,0x5F4A,0xCFCC,0x036B
0xE6A4,0xC889,0x939C,0xB19F,0x2E2D,0x2203
0x82B9,0x74C5,0x77E5,0x0DEF,0xF67C,0x7A0A
0x098B,0x9583,0xF050,0x7CD4,0x9C08,0x8C84
0xE426,0x48E0,0x9518,0xC1F6,0xACC6,0x54EE
0xD7A7,0xE344,0xA2AA,0x96F9,0x34E3,0x3453
0xA90E,0x7AE3,0x587D,0x17DB,0xD3ED,0x4FA6
0xCC41,0x0A15,0xBDD3,0xFF21,0xC654,0x42F2
0xA608,0xFDD4,0x5370,0x7477,0x5BDC,0x2707
0x2F03,0xEF91,0xCAEE,0x9AA0,0xC092,0x504E
0xBD76,0x58FD,0x8CD1,0x29FB,0xE58B,0xA52A
0xE39B,0x22EE,0x9E8A,0xEFF6,0xC175,0x717C
0x4B10,0x4D19,0x3EE5,0x3C8A,0x0609,0x026F
0xDB02,0x65D0,0xB61B,0x14EB,0xBED2,0xA2F0
0x8E67,0x6E25,0x7BB3,0x1B95,0xE042,0x6026
0x0634,0x908F,0xF3EC,0x61C5,0x96BB,0x9229
0xC690,0x4E20,0xB388,0x3BB0,0x88B0,0x8838
0x3E8D,0xD782,0xCB6D,0x8297,0xE90F,0x49FA
0x68BC,0xC839,0x190A,0xB12F,0xA085,0xA825
0x697A,0xD8B3,0x1041,0x51C9,0xB1C9,0x4188
0x1E31,0x41C0,0xEBF1,0x38DF,0x5FF1,0xD32E
0x6DFC,0x186B,0x14CF,0xE121,0x7597,0xF5EE
0x9596,0x201A,0xA499,0xD9E8,0xB58C,0x7D71
0x5BFB,0xFC6F,0x26F2,0x8DC9,0xA794,0xAB3B
0x7778,0xABC7,0x0251,0x66F6,0xDCBF,0x64A7
0xE67F,0x24A1,0x93C3,0xD55B,0xC2DE,0x4698
0x35B7,0x59B3,0x8498,0xD048,0x6C04,0x54D0
0x1F91,0x51E2,0xEA50,0x38F1,0x4E73,0xD2A1
0x313A,0x6271,0xC8D9,0x174D,0x534B,0xDF94
0x84D0,0x8920,0x750A,0x8077,0x0DF0,0xF57D
0xB54D,0x6148,0x5CA6,0xE877,0xD405,0xB4D1
0xD4DB,0x3DBC,0xAD5D,0xC45F,0xE967,0x6902
0x6998,0xF9B8,0x102F,0x809F,0x9020,0x90B0
0x07A4,0x62A2,0xF27D,0x0F22,0x6506,0xFD5F
0x2AF5,0x873B,0xDFA1,0x726E,0xADCE,0xADCF
0xD2A2,0xDBEF,0xBFD2,0xA66E,0x094D,0x19BC
0xE5CB,0x34EB,0x9C7C,0xCD8D,0xD120,0x51F1
0x1536,0x03E3,0xA439,0xEEC2,0x16D5,0x4AFB
0xD1F2,0xF64C,0xD881,0x83E4,0x27BE,0x5B65
0x1D09,0x6265,0xECCA,0x1759,0x7F6C,0xFB93
0xD117,0xC4FB,0x605C,0xBD6D,0x15EC,0xDD31
0x91A2,0x3C22,0x78F1,0xD5DC,0xAD80,0xAD2D
0xF8A1,0x1086,0x9187,0xE14C,0xE827,0x70CB
0x79E4,0xB3C3,0x08C3,0x5E12,0xCA27,0x56D1
0xF5D2,0x4C0B,0xBC45,0x3595,0xB9D9,0x89D0
0x9EDA,0x6BA9,0x5B16,0x1E3C,0xF573,0x452A
0xD9E1,0x1036,0xB066,0xA13C,0xC9D7,0x115A
0xFF7E,0x29F7,0x8ADB,0x18C4,0xD689,0x921F
0xB232,0x78E7,0xBF42,0x09C5,0xCAD5,0xB687
0x3AE6,0xB4C2,0x17C6,0x5D34,0x8E24,0x4AF2
0x2E92,0x4BF5,0xEB5E,0x3E80,0x6567,0xD5DE
0x0EA6,0x1AC0,0xFB72,0xEFE4,0x1466,0x1496
0x75EC,0x1E8F,0x1CC7,0xEB4B,0x6B63,0xF78C
0xA20F,0x49EE,0xAF97,0x38FD,0xEBE1,0x976A
0xD8D9,0xF212,0xA15F,0xBF62,0x2ACB,0x1E3D
0x7CFF,0xA827,0x0DD9,0x5955,0xD4D8,0x548C
0xA95F,0xA3A5,0x58AC,0x56D8,0x0AFA,0x0E74
0x5F41,0x85BD,0x2A40,0x6CE6,0xDAFC,0x46A6
0x86E8,0x6C29,0x7330,0x1D9B,0xEAC1,0x6EAB
0x96D9,0x4F03,0x6311,0x2A8E,0xD9DA,0x499F
0x9E71,0x743C,0x6BB1,0x3D96,0xEA4D,0x5627
0x4878,0xB704,0x316E,0x426D,0xFF7C,0x7303
0xFC44,0x8DD1,0x95E6,0x7C02,0x7195,0xE9E4
0x9AB3,0x0317,0x978B,0xFE2E,0x99A4,0x69A5
0xDBBE,0x180E,0xA6BF,0xE9CC,0xC3B0,0x4F73
0x0C64,0xE908,0x8536,0x903F,0xE56C,0x1509
0x6C5A,0x4486,0x1564,0x3518,0x28DC,0x207C
0x6BDC,0x7E70,0x1EC9,0x0B50,0x15AC,0x1599
0x3726,0x5847,0xC2CB,0x2945,0x6F61,0xEB8E
0x5278,0x2FB4,0x2774,0xDA45,0x7DCC,0xFD31
0xDEB1,0x27DD,0xABB1,0xD2A4,0xF96C,0x7915
0xF397,0x80A3,0x8E9E,0x69E1,0x7334,0xE77F
0x6860,0xC53D,0x2156,0xAC26,0xAD5D,0x8D70
0xF421,0xF431,0x850B,0x851B,0x0010,0x0010
0x9A99,0x5DB7,0x6FBD,0x6CF0,0xC72E,0x034D
0x1295,0x23CD,0xE759,0xD6B0,0x3158,0x31E9
0x5393,0x00FE,0x1E02,0xF1A4,0x536D,0xEFA6
0x2792,0x2D43,0xD257,0xC42C,0x0AD1,0x167B
0x66A7,0xC743,0x131B,0xB2C6,0xA1E4,0xA1DD
0x2834,0x9870,0xD9C2,0x11B6,0xB044,0xC874
0xDAF0,0x14ED,0xAF94,0xFDA7,0xCE1D,0x5233
0xD96C,0x24C1,0xA8EB,0xD5BB,0xFDAD,0x7D50
0x6118,0x26FB,0x08A7,0xD38F,0x47E3,0xDB28
0x58D4,0xF864,0x29D2,0x89C2,0xA0B0,0xA010
0x0FE4,0x7199,0xFAB5,0x7836,0x7E7D,0x8283
0xC03A,0x584E,0xB928,0x294C,0x9874,0x9064
0xE6C3,0xD90A,0x9367,0xA001,0x3FC9,0x3366
0x12E2,0xB29E,0xFF52,0xBF96,0xA07C,0x40C4
0xF407,0x399D,0x8529,0xC87A,0xCD9A,0x4D53
0x34A0,0x28CB,0xC54A,0xD1B1,0x1C6B,0x14FB
0xB06B,0xE425,0x4989,0x9D1F,0x544E,0xD496
0x34AA,0xE9FF,0xCD4C,0x984C,0xDD55,0x5500
0x8882,0x2634,0x61C8,0xD3CC,0xAEB6,0xB204
0x9097,0xF38F,0xA19D,0x9E86,0x6318,0x3F1B
0x6633,0xD97B,0x13F7,0xA0F0,0xBF48,0xB307
0xDCAC,0xDCEB,0xA5AE,0xA565,0x0047,0x00CB
0xF3CC,0xE8DF,0x8661,0x996D,0x1B13,0x1F0C
0x4922,0x1137,0x20A9,0xA03C,0x5815,0x8095
0xC3A7,0xF937,0xFE9E,0xC8D4,0x3A90,0x364A
0x7ABC,0xD78B,0x0F38,0xA28E,0xAD37,0xADB6
0x2967,0xDCE9,0xD814,0xAD6B,0xF58E,0x757F
0xE66C,0x2D59,0x93D4,0xDC2A,0xCB35,0x4FFE
0x51DB,0x5265,0x28D8,0x2769,0x03BE,0x0FB1
0x61B8,0xFEED,0x0807,0x8B4D,0x9F55,0x834A
0xEE87,0xF3C2,0x9BB3,0x9E53,0x1D45,0x05E0
0xD1A6,0x9C86,0xA0AD,0x6DC0,0x4D20,0xCD6D
0x9F50,0x3D64,0x6A91,0xD407,0xA234,0xBE96
0xAB90,0x0FD1,0x5EC5,0xFA80,0xA441,0xA445
0xB7E1,0xE107,0x4208,0x903C,0x56E6,0xD234
0xB464,0x0994,0x4D8E,0xF843,0xBDF0,0xB5CD
0xBFA6,0xAD9D,0x4AC3,0x54EE,0x123B,0x1E2D
0xE242,0x780E,0x8FC2,0x09AC,0x9A4C,0x866E
0x7D00,0xE2AE,0x0CA3,0xAF76,0x9FAE,0xA3D5
0x9932,0x8BCF,0x9009,0x761E,0x12FD,0xE617
0xE587,0xE37A,0x94B8,0x9EEB,0x06FD,0x0A53
0xC4CB,0x9D37,0xBD5D,0x2CB0,0x59FC,0x91ED
0xDBB7,0xF849,0xD6B6,0x81EF,0x23FE,0x5759
0x8C5B,0x5939,0x7585,0x20BE,0xD562,0x553B
0x9E2E,0x9D79,0x6B6A,0x6CBA,0x0357,0x07D0
0xE983,0x28F6,0x80A8,0x19C4,0xC175,0x996C
0x67A0,0x16BB,0x1219,0xE37F,0x711B,0xF166
0x41C8,0x00E7,0x08D7,0xF1BD,0x412F,0xF96A
0x57F1,0xEA90,0x22F8,0x9F84,0xBD61,0xBD7C
0x9ADA,0x5512,0x6712,0x1CA5,0xCFC8,0x7BB7
0x3E73,0xF4E0,0xBBEF,0x854A,0xCA93,0x3EA5
0x16FE,0x6F17,0xE3B2,0xDAE2,0x79E9,0x3950
0xB318,0xF304,0x4675,0x8629,0x401C,0xC05C
0xA013,0x6C3A,0x6951,0x1584,0xCC29,0x7CD5
0x8995,0x6666,0x78C2,0x135A,0xEFF3,0x6B98
0x5E15,0xD3CA,0x2B95,0xAEAB,0x8DDF,0x853E
0xBBA4,0xCAF0,0x4EE1,0xBF04,0x7154,0xF1E5
0x8733,0xE27E,0xB216,0x8FE6,0x654D,0x3DF0
0x4725,0x54ED,0x32BC,0x3DE7,0x13C8,0x0F5B
0x9FCE,0x1D76,0x6A0B,0x2C71,0x82B8,0x467A
0x9876,0xFA62,0xA9F4,0x97DA,0x6214,0x3E2E
0x43F4,0x9C0B,0x36E9,0x6545,0xDFFF,0x53AC
0xDF84,0x63A1,0xAA85,0x161C,0xBC25,0xBC99
0x1A9D,0x9DFD,0xEF39,0x643E,0x8760,0x8B07
0x8A68,0xA7E0,0x7F5C,0x5219,0x2D88,0x2D45
0x32BD,0xF61B,0xC751,0x833F,0xC4A6,0x446E
0xC058,0xB8AF,0xA9C6,0x49CD,0x78F7,0xE00B
0x7340,0x1844,0x066D,0xE902,0x6B04,0xEF6F
0x34D5,0xEA0E,0xCDBF,0x973E,0xDEDB,0x5A81
0xF831,0xAA55,0xB117,0x5F81,0x5264,0xEE96
0xDBED,0xD85C,0xAE88,0xA9DA,0x03B1,0x0752
0x56F7,0x7593,0xE3BB,0x3C04,0x2364,0xDFBF
0x5980,0xD770,0x3007,0xA2F9,0x8EF0,0x92FE
0x3BF1,0xE349,0xCEB4,0x96F4,0xD8B8,0x5840
0x176C,0x725A,0xE225,0x0F5A,0x6536,0xED7F
0x760A,0xC134,0x03AE,0xB02B,0xB73E,0xB385
0x0209,0xCE8B,0xF7D5,0x8B97,0xCC82,0x7C42
0xBBDD,0x979A,0x4E18,0x62DF,0x2C47,0x2CC7
0x2EA8,0x7ADC,0xDB58,0x0FD8,0x5474,0xD480
0xA38C,0xC8D5,0x56F1,0xB943,0x6B59,0xEFB2
0xC69E,0x4957,0xB382,0x7884,0x8FC9,0xCB06
0x4AA3,0x7461,0x272B,0x054B,0x3EC2,0x2260
0xD601,0x0227,0xA309,0xBF5F,0xD426,0x1C56
0x5453,0x5248,0x1D65,0x2744,0x061B,0x3A21
0xCDD6,0xD70B,0xFC81,0xA20E,0x1ADD,0x5E8F
0xD830,0x11B6,0xD136,0xA0BD,0xC986,0x718B
0x3F24,0x82B2,0xCAC5,0x8FB2,0xBD96,0x4577
0x0CC9,0xF966,0xFD9B,0x88C5,0xF5AF,0x755E
0x2850,0x3707,0xC126,0xC2EA,0x1F57,0x03CC
0x7A04,0xFEFD,0x0F80,0x8B5D,0x84F9,0x84DD
0x1E27,0x49A0,0xEBE3,0x4037,0x5787,0xABD4
0x1628,0x554C,0xE3E0,0x3C47,0x4364,0xDFA7
0x3F3F,0x2D44,0xCADA,0xA437,0x127B,0x6EED
0x22D7,0x76D5,0xDF8F,0x03FD,0x5402,0xDC72
0xE968,0xC45A,0x90DF,0xBDCC,0x2D32,0x2D13
0x086C,0x07FE,0xF93A,0xF2A3,0x0F92,0x0B99
0x38AC,0x3B20,0xC94A,0xCEE5,0x038C,0x07AF
0x83AF,0x4C84,0x8ED6,0x0516,0xCF2B,0x8BC0
0x9BC1,0xD45E,0x6E64,0xA5D0,0x4F9F,0xCBB4
0xF25B,0x1C2A,0x8FDB,0xE5E4,0xEE71,0x6A3F
0x087D,0xEF1C,0xF92B,0x9A2D,0xE761,0x6306
0x0500,0xD4A0,0xF4DB,0xA5AA,0xD1A0,0x5171
0x43F9,0xD015,0x36E4,0xA11B,0x93EC,0x97FF
0xC37D,0x8EBD,0xB6E0,0x7BED,0x4DC0,0xCD0D
0xB372,0x76D3,0x3E03,0x23C7,0xC5A1,0x1DC4
0xDF27,0x233C,0xAA22,0xD6C1,0xFC1B,0x7CE3
0x2156,0x06A6,0x90ED,0xF37A,0x27F0,0x6397
0x6589,0xC9C1,0x1432,0x8056,0xAC48,0x9464
0x8354,0x876D,0x7689,0x72B4,0x0439,0x043D
0xA9B8,0x4636,0x50CF,0x736A,0xEF8E,0x23A5
0x72FF,0x2499,0x3FB7,0xD563,0x5666,0xEAD4
0x0DF5,0xAF5A,0xE4A6,0x4AA7,0xA2AF,0xAE01
0xFA3D,0xE3DB,0x8F39,0x9E4A,0x19E6,0x1173
0x1847,0x68B5,0xE905,0x1903,0x70F2,0xF006
0xBD91,0xBBD7,0x4CF2,0x3636,0x0646,0x7AC4
0xBC31,0x41DD,0x4D53,0x30C2,0xFDEC,0x7D91
0x4770,0x5785,0x3269,0x220C,0x10F5,0x1065
0xB406,0xABE3,0x4568,0x460A,0x1FE5,0x0362
0xF90C,0x3895,0x882B,0xC973,0xC199,0x4158
0xFE63,0x9D66,0x9BDF,0x6CA1,0x6305,0xF77E
0x2679,0x3E5F,0xD301,0xCB3B,0x1826,0x183A
0xFD8F,0x0940,0x8CA8,0xC017,0xF4CF,0x4CBF
0xFD0E,0x78A4,0x8C29,0x0902,0x85AA,0x852B
0x1712,0xEB9B,0xC2E7,0x96A2,0xFC89,0x5445
0xD442,0x8615,0xBDD4,0x734D,0x5257,0xCE99
0xF76F,0x25E4,0x82C2,0xDC9F,0xD28B,0x5E5D
0x7848,0x720A,0x016E,0x0F8A,0x0A42,0x0EE4
0xA2B5,0x5811,0x57C9,0x1197,0xFAA4,0x465E
0x6CF2,0x315A,0x653C,0xC839,0x5DA8,0xAD05
0x8731,0xB69A,0x7268,0x43FE,0x31AB,0x3196
0x89DC,0xA827,0x780B,0x5955,0x21FB,0x215E
0xA184,0xB8E0,0x50FB,0x5106,0x1964,0x01FD
0x69BC,0x8DDB,0x180B,0x7404,0xE467,0x6C0F
0x6C8B,0x77E2,0x1535,0x22D7,0x1B69,0x37E2
0x787D,0xDDF6,0x095B,0x6C31,0xA58B,0x656A
0x031A,0x1785,0xFE2B,0xE24C,0x149F,0x1C67
0x4760,0x7C33,0x3279,0xF5ED,0x3B53,0xC794
0xF07B,0x9C8B,0x89D9,0x65C5,0x6CF0,0xEC1C
0x1958,0x2566,0xE01F,0xD419,0x3C3E,0x3406
0x79BB,0x16B2,0x0010,0x0306,0x6F09,0x0316
0x9283,0xA02D,0x7F33,0x5153,0x32AE,0x2E60
0x5B8F,0x4B56,0x260E,0x2647,0x10D9,0x0049
0xACD8,0xAF78,0x5D2A,0x5A89,0x03A0,0x07A3
0x591D,0xC046,0x289A,0xB1DC,0x995B,0x9946
0x210C,0x6438,0xD0F3,0x1582,0x4534,0xC571
0x5F2B,0x0F5B,0x3AA6,0xEA06,0x5070,0xD0A0
0xCFF7,0x5B80,0x7A22,0x2EE5,0x9477,0x54C7
0x227C,0x3952,0xD700,0xF009,0x1B2E,0x2709
0xFCF7,0x3730,0x4D11,0xC2D9,0xCBC7,0x8FC8
0x3B49,0xBD06,0xCE0C,0x4C61,0x864F,0x826D
0xB4A8,0xB8C0,0x45C2,0x5126,0x0C68,0x14E4
0xE94F,0x0D6D,0x98FC,0xF43E,0xE422,0x6CC2
0x1F65,0x8999,0xEA24,0x70CE,0x96FC,0x9AEA
0xBF7A,0x30E3,0x7A97,0xD991,0x8F99,0xA306
0x9B5C,0xDB12,0x6EF9,0x962B,0x404E,0xF8D2
0x7933,0xB761,0xF0E8,0x4288,0xCE52,0xB260
0x2CEB,0xDED7,0xD595,0xEB93,0xF23C,0x3E06
0x2B68,0x4431,0xDE3D,0x35AB,0x6F59,0xEB96
0x0038,0xC407,0xE9E6,0xB519,0xC43F,0x5CFF
0x5DA0,0x2E93,0x2C23,0xEB5F,0x7333,0xC77C
0x1B90,0x48F2,0xEE35,0x4118,0x5362,0xAF2D
0xD557,0x9383,0xE418,0x7E32,0x46D4,0x9A2A
0xA111,0x8A97,0x586E,0x67C7,0x2B86,0x3FA9
0x23FE,0xA68E,0xCEA7,0x53F2,0x8570,0x9D55
0x517F,0xB619,0x2074,0x4371,0xE766,0x6305
0x496C,0xB176,0x387B,0x80DD,0xF81A,0xB8A6
0x7FF2,0x2C81,0x7A2F,0xDD73,0x5373,0xA75C
0xCC31,0x39E3,0xBD23,0xD098,0xF5D2,0x6DBB
0xDCF4,0xA198,0x5576,0x48E7,0x7D6C,0x1D91
0x6675,0x98E9,0x134D,0x612F,0xFE9C,0x7262
0x8A00,0x75D5,0x7FB4,0x0CFE,0xFFD5,0x734A
0x38AE,0xF2E3,0xC94C,0x9F73,0xCA4D,0x563F
0x294B,0xDAA0,0xD030,0xAF44,0xF3EB,0x7F74
0x229E,0x2B09,0xCF46,0xDEDC,0x0997,0x119A
0x26E0,0xBADE,0xD398,0x473E,0x9C3E,0x94A6
0xC24F,0xD340,0x8FF7,0xA6CD,0x110F,0x293A
0x9D9C,0x8E9C,0x64DF,0x7BCC,0x1300,0x1F13
0x8B89,0xFC2B,0x7E3C,0x8505,0x77A2,0xFB39
0xDBC6,0xBC7F,0xF687,0x4D99,0x67B9,0xBB1E
0x43DF,0xE9C2,0x2E26,0x8069,0xAA1D,0xAE4F
0xB2A2,0x1730,0x5FF2,0xE2F9,0xA592,0xBD0B
0x7EE4,0xDF9D,0x0BC4,0xAA9C,0xA179,0xA158
0x2978,0x2079,0xD00F,0xC907,0x0901,0x1908
0xDF5F,0x2593,0xAADA,0xEC54,0xFACC,0x468E
0xC162,0x5832,0xA8E1,0xD1C8,0x9950,0x7929
0xC655,0x5392,0xB3CD,0x1E03,0x95C7,0xADCE
0xA24B,0x50CE,0x5F9B,0x21C4,0xF285,0x7E5F
0xA665,0x7CE0,0x539D,0x0DC2,0xDA85,0x5E5F
0xFB3A,0xDF89,0x8613,0xAA88,0x24B3,0x2C9B
0x546D,0xA948,0x3D67,0x50BF,0xFD25,0x6DD8
0xB3B1,0x3F49,0x46DC,0xCA28,0x8CF8,0x8CF4
0x6EEA,0x4973,0x2BD6,0x4098,0x2799,0x6B4E
0x14CC,0xD500,0xFD86,0xA40B,0xC1CC,0x598D
0xF717,0x8E8C,0x427A,0x7BDC,0x799B,0x39A6
0x723D,0x3AB6,0x0791,0xF756,0x488B,0xF0C7
0x51A7,0x6C53,0x202C,0x255D,0x3DF4,0x0571
0x7D7D,0x9A89,0x045E,0x6FAD,0xE7F4,0x6BF3
0xEC76,0xF377,0x5D80,0x8EFE,0x1F01,0xD37E
0xD215,0x5A7F,0xA719,0x277F,0x886A,0x8066
0xD767,0xEA3F,0xA2EA,0x970F,0x3D58,0x35E5
0x4521,0x3159,0x34BA,0xB836,0x7478,0x8C8C
0x4673,0x4014,0x7397,0x318A,0x0667,0x421D
0xD05D,0x86C6,0xA1D3,0x731A,0x569B,0xD2C9
0xCFB0,0x8247,0xBAA1,0x3F3F,0x4DF7,0x859E
0xEDA4,0xE5FE,0xA497,0x9441,0x085A,0x30D6
0xAE51,0x68B0,0x5BA1,0x0106,0xC6E1,0x5AA7
0x30C9,0x42A0,0xD9A7,0x373C,0x7269,0xEE9B
0xBDD2,0x90E3,0x740D,0x7931,0x2D31,0x0D3C
0x37B2,0x4F78,0x2227,0x3A69,0x78CA,0x184E
0xBB72,0xF279,0x366B,0x87D5,0x490B,0xB1BE
0x4413,0xCB0F,0x0DB5,0xB61E,0x8F1C,0xBBAB
0xC400,0x3DF4,0xB51A,0xF497,0xF9F4,0x418D
0xB010,0x665E,0x497E,0x1362,0xD64E,0x5A1C
0x4948,0xBAAF,0x305F,0x47CF,0xF3E7,0x7790
0x122D,0xDA69,0xE7E1,0xAF0D,0xC844,0x48EC
0xC7B3,0xA014,0x72D6,0x516A,0x67A7,0x23BC
0xEB72,0xB758,0xE63B,0x42B1,0x5C2A,0xA48A
0x2ACA,0x69A8,0xD7B2,0x101F,0x4362,0xC7AD
0x2340,0x7549,0xD63D,0x0462,0x5609,0xD25F
0x7F1F,0xB8DB,0x0ABA,0x4131,0xC7C4,0x4B8B
0xC245,0xCE8E,0xB7D9,0xBB9A,0x0CCB,0x0C43
0x4573,0x3840,0x4C94,0xD126,0x7D33,0x9DB2
0xED6E,0x25DC,0x9CD9,0xCCA7,0xC8B2,0x507E
0x386D,0x1DF4,0xC90B,0x94B7,0x2599,0x5DBC
0xBBF0,0x3FD1,0x4E35,0xCAB0,0x8421,0x8485
0xE3D2,0xB6C5,0xAEB3,0x432D,0x5517,0xED9E
0xFC3A,0x9417,0x8514,0xA519,0x682D,0x200D
0x83D0,0x22CD,0x760D,0xD7B1,0xA11D,0xA1BC
0xA7A4,0x158F,0x52DD,0xE440,0xB22B,0xB69D
0xC20B,0x0BB6,0xBF7B,0xE667,0xC9BD,0x591C
0xC7B5,0xA434,0xB2AC,0x5D4E,0x6381,0xEFE2
0xB0FE,0xCA5E,0x4114,0xB7CE,0x7AA0,0xF6DA
0x9D2B,0xC510,0x6464,0xB40B,0x583B,0xD06F
0x02BA,0xB043,0xFF8A,0x59B1,0xB2F9,0xA63B
0xC767,0x2BF9,0xB2FA,0xDEAC,0xEC9E,0x6C56
0x7D69,0xF927,0x0C4A,0x8804,0x844E,0x844E
0x46F0,0x039A,0x33E8,0xFEAB,0x456A,0xCD43
0x5937,0xE4D9,0x6874,0x9563,0xBDEE,0xFD17
0x26F1,0xB316,0xD389,0x4E5F,0x95E7,0x9DD6
0xFAE3,0x70EB,0x975B,0x09C9,0x8A08,0x9E92
0x050A,0xE8F2,0xFCDD,0xE1B8,0xEDF8,0x1D65
0x910D,0x913B,0x6042,0x6878,0x0036,0x083A
0x154F,0xCD5A,0xE400,0xB4C5,0xD815,0x50C5
0x013D,0xCE89,0xF0E2,0xBB99,0xCFB4,0x4B7B
0x0DDC,0x1BFC,0xF48F,0xEED9,0x1620,0x1A56
0x8AB8,0x973C,0x7F0C,0x6275,0x1D84,0x1D79
0xFF38,0xD2F1,0x8A19,0xA77D,0x2DC9,0x2D64
0x148B,0xB836,0xED4D,0x0994,0xACBD,0xE4D9
0x6EFB,0x3AB9,0x0BC7,0xCF7D,0x5442,0xC4BA
0xA6AE,0xF955,0x53D2,0x88F2,0x5FFB,0xDB20
0xDF3A,0x46EB,0xDA37,0x33FF,0x99D1,0xE9C8
0x0E9D,0x4228,0xFB4D,0x37B4,0x4CB5,0xCCF9
0xFD6B,0x30FA,0x84C4,0xC998,0xCD91,0x4D5C
0x5B8E,0xEE21,0x260F,0x9B11,0xB5AF,0xBD1E
0xBFBC,0xE431,0x4ADD,0x950B,0x5B8D,0xDFD6
0xE72D,0xDF24,0x9214,0xAA25,0x3809,0x3831
0xE333,0x0949,0x6E12,0xF01E,0xEA7A,0x9E0C
0x1FF9,0xAC74,0xEAB8,0x4586,0xB38D,0xAF3E
0xFB6A,0x7B90,0x86C3,0x0E15,0x80FA,0x88D6
0x1094,0x3C8D,0xE15A,0xC56F,0x2C19,0x2435
0x1470,0x4601,0xE53A,0x3399,0x5271,0xD6A3
0x6803,0x158E,0x01A9,0xE441,0x7D8D,0xE5E8
0x6B85,0xF4C8,0x1E10,0x8562,0x9F4D,0x9B72
0x4369,0x8BBE,0x3674,0x76EF,0xC8D7,0x409B
0xE713,0x062E,0x9216,0xF3F2,0xE13D,0x61E4
0x487C,0x8530,0x396A,0x746B,0xCD4C,0x4D01
0xA43A,0x4F1F,0x5D4C,0x3A8A,0xEB25,0x67C6
0x7BC2,0x451E,0x16FB,0x3481,0x3EDC,0x227A
0xD31A,0xB28C,0xAEFB,0x47E0,0x6196,0xE91B
0x9A1D,0x1E27,0x6F39,0xEBE3,0x843A,0x84DA
0xAD37,0xA0F6,0x1C80,0x914C,0x0DC1,0x8DCC
0xCBED,0xDDF2,0xBE18,0xD48D,0x161F,0x6A95
0x5EB2,0xD3D0,0xDB4E,0xA65D,0x8D62,0x7D13
0xBB08,0xE9A8,0x4E4D,0x909F,0x52A0,0xDED2
0x7CCB,0x2EE4,0x05E5,0xDB94,0x522F,0xDE71
0x7E36,0xADF6,0x4B52,0x9C41,0xD3C0,0xD713
0x8870,0x7084,0x61A6,0x012A,0xF8F4,0x608C
0xB4B0,0xDF55,0x45DA,0xAAD4,0x6BE5,0xEF0E
0x4E7E,0x202F,0x3B6A,0xD1D5,0x6E51,0xEABF
0x933A,0x7486,0x6E1B,0x0528,0xE7BC,0x6B33
0x55C8,0xE383,0x24C3,0x8E82,0xB64B,0xAA41
0x39C1,0xFA19,0xD0A6,0x8F1D,0xC3D8,0x5FBB
0xBC60,0xAE9C,0x4D82,0x5BEC,0x12FC,0x166E
0xF570,0x4515,0x84DB,0x3C8E,0xB065,0xB855
0x3C4A,0x5977,0xC524,0xE834,0x653D,0x2D10
0x9377,0x3B24,0x6EDE,0xCEE1,0xA853,0xA03F
0x4520,0x5A5D,0x34BB,0x2FB9,0x1F7D,0x1B02
0xB99B,0xBAD5,0x40F0,0x4F11,0x034E,0x0FE1
0x6D6A,0x48F8,0x1455,0x31EE,0x2592,0x25BB
0x491B,0xBA9B,0x3080,0x47F3,0xF380,0x7773
0xA24E,0x71C7,0x2F56,0x00EC,0xD389,0x2FBA
0x29A7,0x27E6,0xD854,0xD29B,0x0E41,0x0ACF
0x1F97,0x9BE8,0x2A12,0x6E4D,0x847F,0x445F
0x10FF,0xF95C,0xE1B5,0x88FB,0xE9A3,0x694E
0x5C0C,0x3DE8,0x258E,0xCC8B,0x61E4,0xE905
0xB996,0xE716,0x88B5,0x526B,0x5E80,0xDADE
0xFF83,0x2745,0x9ABE,0xD23C,0xD8C6,0x4882
0x3A7F,0x56CD,0xC71F,0x23C5,0x6CB2,0xE4DA
0x347B,0xD299,0xCD1D,0xA795,0xE6E2,0x6A88
0x74AB,0x4C21,0x0D0D,0x3DB3,0x388A,0x30BE
0x0EAD,0x31C1,0xFB7D,0xC8AE,0x3F6C,0x33D3
0xB9E1,0xB1AE,0x5006,0x40C5,0x084F,0x10C3
0x7EFB,0x9C22,0x3BD7,0x757C,0xE2D9,0x4EAB
0xCB14,0x1C30,0xBE61,0xEDF2,0xD724,0x5393
0xD9F4,0x9D92,0xA873,0x54ED,0x4466,0xFC9E
0x53E6,0x675E,0xEE4F,0x1263,0x34B8,0xFC2C
0x5880,0xE167,0x3106,0x90DC,0xB9E7,0xA1DA
0x783F,0x33EF,0x099D,0xDEA6,0x4BD0,0xD73B
0xB4BB,0xAB95,0x4DDD,0x5EC0,0x1F2E,0x131D
0x36F0,0xCC40,0xC398,0xBDD2,0xFAB0,0x7E4A
0x2E0E,0x59FE,0xDBFA,0x28FD,0x77F0,0xF307
0x4287,0xD701,0xFFBF,0xA208,0x9586,0x5DB7
0x2F19,0x28C7,0xDAE8,0xD9B5,0x07DE,0x035D
0x46F1,0xE702,0x33E9,0x9227,0xA1F3,0xA1CE
0x6FC0,0x22ED,0x1AF1,0xD791,0x4D2D,0xCD60
0x1247,0x6249,0xAFAF,0x1775,0x700E,0xB8DA
0x956B,0xBE20,0x6CAC,0x4B40,0x2B4B,0x27EC
0x2B65,0xED6E,0xDE30,0x9CD9,0xC60B,0x42E9
0xFE8E,0xA1C7,0x8BAA,0x503C,0x5F49,0xDB96
0xF829,0x0D1B,0x810F,0xF4C4,0xF532,0x75CB
0xF76D,0xCC66,0x82C4,0xBDF0,0x3B0B,0x3F34
0xAA89,0xE788,0x5FDD,0x92B1,0x4D01,0xCD6C
0xC902,0x6DA6,0xA009,0x1C11,0xA4A4,0xBC18
0x88B9,0x77F6,0x71EF,0xC29B,0xFF4F,0xB374
0x9593,0xF39B,0x5CE4,0x8E9A,0x6608,0xD27E
0x3821,0xBA37,0xD1C7,0x7757,0x8216,0xA690
0x2857,0xAA1F,0x99E5,0x576F,0x8248,0xCE8A
0xAF41,0x5EB8,0x5AB0,0x2B38,0xF1F9,0x7188
0xD7FC,0x9449,0xA275,0x6583,0x43B5,0xC7F6
0x22BF,0x722C,0xCF67,0x0780,0x5093,0xC8E7
0x5A4C,0xBE1A,0x2FA8,0xBB76,0xE456,0x94DE
0xCD9C,0xBBA6,0xB48F,0x1607,0x763A,0xA288
0x7BD2,0x41E7,0x36CB,0x30FC,0x3A35,0x0637
0x551F,0x7DB1,0x2490,0x0C12,0x28AE,0x2882
0xE63E,0x82CC,0x9302,0x7710,0x64F2,0xE412
0x63F7,0xB909,0x1EEE,0x406E,0xDAFE,0x5E80
0xBD73,0xEAB3,0x346C,0x67FB,0x57C0,0x5397
0x72B3,0xFF32,0xFF83,0x7A6F,0x8D81,0x85EC
0x6EE9,0xCDC0,0x1BD9,0xBC53,0xA329,0xA78A
0x7D81,0x6248,0x0C22,0x1774,0x1FC9,0x1B56
0x9E8B,0xAEAF,0x7BC7,0x5BDB,0x3024,0x201C
0xB0DB,0x1677,0x4939,0x237B,0xA6AC,0x6A42
0x541F,0x587F,0x2591,0x297D,0x0C60,0x0CEC
0xF484,0x7DD6,0x8DAE,0x4C31,0x8952,0xC19F
0x6954,0x16DD,0x1863,0xE395,0x7F89,0xFBF6
0xDE68,0x2276,0xABE8,0xDF2E,0xFC1E,0x74C6
0x135C,0x6414,0xE611,0x1DAE,0x7748,0xFBBF
0x82A5,0x55F6,0x77F9,0xE4B9,0xD753,0x9340
0xB716,0x448E,0x823B,0x3510,0xF398,0xB72B
0x62BF,0xF475,0x0F27,0x8DDF,0x96CA,0x82F8
0x89B1,0x6FC2,0x60E6,0x0AEF,0xE673,0x6A09
0xE22C,0xA62D,0x9710,0x5355,0x4401,0xC445
0x8252,0xDD98,0x4F92,0xAC9B,0x5FCA,0xE309
0x1826,0xB2A6,0xE9E4,0x8FAE,0xAA80,0x664A
0x5BB8,0x3AC0,0x2EDD,0xCF84,0x6178,0xE159
0xA8B0,0x6A38,0x41C6,0x1FAC,0xC288,0x5E6A
0x2027,0x4654,0xD1DD,0x334C,0x6673,0xE291
0x0674,0x1EEE,0xF32C,0xEBAA,0x189A,0x1886
0xFD7A,0x83AA,0x84D5,0x7E1B,0x7ED0,0xFACE
0xA0AA,0x12C7,0x59D8,0xAF2F,0xB26D,0xF6F7
0xE531,0x99C0,0x940A,0x7007,0x7CF1,0xE40D
0x9C1B,0x3B93,0x6555,0xF64A,0xA788,0x931F
0xEA39,0x42F7,0x9F2D,0x3F8F,0xA8CE,0xA0A2
0x3258,0x2865,0xC734,0xD913,0x1A3D,0x1E27
0x19F0,0x1200,0x90B7,0xE7CC,0x0BF0,0x777B
0x8BAA,0xCB8F,0x76F3,0xB69E,0x4025,0xC06D
0x5AFD,0x7FE5,0x2F19,0x0AC4,0x2518,0x25DD
0x9A3D,0xCEAD,0x6F19,0xBBBD,0x5490,0xD4A4
0xC80D,0xB88F,0xB91B,0x49ED,0x7082,0xF0F6
0x04F1,0x7176,0xF5AB,0xC01D,0x7587,0x35B6
0x065A,0x048A,0xF30E,0xFD5C,0x02D0,0x0E52
0x0D07,0x9F1C,0xFCD0,0x6A5D,0x921B,0x968D
0x876C,0x3923,0x72B5,0xD0D8,0xBE4F,0xA26D
0xFCE1,0x4546,0x8D43,0x3459,0xB9A7,0xB91A
0xCD05,0x0173,0x8416,0x88D0,0xCC76,0x0CC6
0x6ED8,0x69D3,0x1BE8,0x20D8,0x070B,0x3B30
0x677F,0x0EF3,0x1242,0x8B5F,0x698C,0x991D
0xB9CF,0x37EE,0x482C,0xC283,0x8E21,0x8AAF
0xA997,0x579A,0x98A4,0x221F,0xFE0D,0xBABB
0x15C5,0xD6D7,0xEC8E,0xE39B,0xC312,0x0F15
0x2E2B,0x19CD,0xEBD7,0xE88A,0x37E6,0x035D
0xE563,0x9810,0x8CC4,0x5156,0x7D73,0xDD92
0xE0BE,0xBBEE,0x9184,0x460F,0x5B50,0xD78B
0x370A,0x2C5C,0xC2EF,0xD52E,0x1B56,0x17C1
0xF776,0x3EFC,0x429B,0xCB9C,0xC98A,0x8907
0x91D9,0x484A,0x5816,0x3150,0xD993,0x6946
0x9950,0xCD62,0x5097,0xA4ED,0x5432,0xF47A
0x57DB,0x2609,0x22DE,0xD3F1,0x71D2,0xF12F
0xFE9F,0x5F8B,0x8BBB,0x3A06,0xA114,0xB1BD
0xA1B6,0xA94C,0x100D,0x58BB,0x08FA,0x48B6
0x9677,0xD670,0xA3FB,0xA3F8,0x4007,0x0003
0xF3A8,0x47E7,0x8685,0x32FA,0xB44F,0xB47F
0x089E,0x8565,0xF94C,0x7CBE,0x8DFB,0x85F2
0x8480,0xD971,0x75DA,0x50F6,0x5DF1,0x252C
0xFD71,0x0366,0x8CD2,0x3E1F,0xFE17,0xB2CD
0xCD06,0x2980,0xBC11,0x2077,0xE486,0x9C66
0x8514,0x1B55,0x7C4F,0xEE70,0x9E41,0x923F
0x7EA9,0x5C2C,0x0B09,0x25AE,0x2285,0x2EA7
0x9B62,0x84EA,0x76BB,0x7D3C,0x1F88,0x0B87
0x7094,0x2C7F,0x013A,0xDD09,0x5CEB,0xDC33
0x6D41,0x2E5F,0x1C72,0xDB2B,0x431E,0xC759
0x80EF,0xE513,0x7135,0xAC14,0x65FC,0xDD21
0x55E4,0xEC55,0x2CEF,0x85E7,0xB9B1,0xA908
0xC158,0xB8CF,0xA8C7,0x492D,0x7997,0xE1EA
0xD744,0x5002,0xA2CD,0x3990,0x8746,0x9B5D
0xF4CB,0x705F,0x8D6D,0x0175,0x8494,0x8C18
0x6566,0xBEA2,0x1459,0x5BDE,0xDBC4,0x4F87
0x36A0,0x4411,0xC348,0x358B,0x72B1,0xF6C3
0x1638,0xCCC7,0xE3F0,0xBD51,0xDAFF,0x5EA1
0x3C39,0x0524,0xCDDB,0xFCFF,0x391D,0x3124
0xA2D9,0x7EB1,0x5725,0x0B11,0xDC68,0x5C34
0xFB06,0x7917,0x5667,0xC8F4,0x8211,0x9E93
0x5835,0x6183,0x29B3,0x0820,0x39B6,0x2193
0xF1B5,0x0D21,0x809A,0xFCF2,0xFC94,0x7C68
0xE99E,0xF492,0x98AD,0xBD84,0x1D0C,0x2529
0x6330,0x8F03,0x168D,0x6A4E,0xEC33,0x7CC3
0x60A4,0xD670,0x111A,0xA3F8,0xB6D4,0xB2E2
0xE744,0x448A,0x92FD,0x3D1C,0xA3CE,0xAFE1
0x5172,0x11B6,0x5881,0xA0BD,0x40C4,0xF83C
0x94CA,0xA865,0x6D0C,0x5993,0x3CAF,0x349F
0x5E5A,0x38A2,0x1B56,0xD158,0x66F8,0xCA0E
0xF9BB,0x7744,0x8090,0x026D,0x8EFF,0x82FD
0xA41F,0xFAC1,0x5561,0x8F45,0x5EDE,0xDA24
0xC556,0x2C84,0xF409,0x2576,0xE9D2,0xD17F
0x992D,0x4F50,0x686A,0x3A41,0xD67D,0x522B
0x44EE,0x5210,0x35F0,0x279C,0x16FE,0x126C
0xB872,0x3C1F,0x3168,0xCDF9,0x846D,0xFC91
0xA1EA,0x0959,0x5819,0xF00E,0xA8B3,0xA817
0xFF30,0x159A,0x8A11,0xEC5D,0xEAAA,0x664C
0x39BD,0x22CF,0xC85A,0xAF57,0x1B72,0x670D
0x2988,0xB8F6,0xD07F,0x8954,0x917E,0x592B
0xFF8D,0x9C3B,0x8AAC,0x6575,0x63B6,0xEFD9
0xF755,0xB0BB,0x82FC,0x49D9,0x47EE,0xCB25
0x41DE,0x3F0B,0x30C5,0xDAE6,0x7ED5,0xEA23
0xA109,0x1B41,0xA876,0xEE64,0xBA48,0x4612
0x13FB,0xC980,0xEEDA,0x8097,0xDA7B,0x6E4D
0x1BA2,0x6254,0xF67B,0x1768,0x79F6,0xE113
0x7B34,0x89B1,0x0EB1,0x60E6,0xF285,0x6E57
0x150B,0xFFEC,0xECCC,0x8A4D,0xEAE7,0x6681
0x03B5,0xC8EA,0xF668,0xB170,0xCB5F,0x4718
0x30C8,0x5E53,0xD9A6,0x1B6F,0x6E9B,0xC2C9
0x85E5,0xDC57,0x7C3E,0xED11,0x59B2,0x912F
0xD71E,0x5FD8,0xA213,0x2AD9,0x88C6,0x88CA
0xA1B6,0xA6E9,0x100D,0x5311,0x075F,0x431C
0x2E25,0x3084,0xDBD5,0xC16A,0x1EA1,0x1ABF
0x0BE6,0x2053,0x46F7,0xE911,0x2BB5,0xAFE6
0x0C24,0x2289,0x05F6,0xD775,0x2EAD,0xD283
0x1C40,0x299B,0xED02,0xD060,0x35DB,0x3D62
0x9446,0x678D,0x6588,0x1234,0xF3CB,0x77BC
0x98FD,0x2C6A,0x693B,0xD514,0xB497,0xBC2F
0x889A,0xAEF2,0x71C0,0x2BFE,0x2668,0x5A3E
0xD324,0xACCC,0xA629,0x553E,0x7FE8,0xF317
0x0CE2,0x95F0,0xE5AC,0x643B,0x9912,0x8197
0x00BE,0xC3CB,0xF164,0xBE3A,0xC375,0x4F5E
0x21CC,0x976E,0xD0B3,0x62A3,0xB6A2,0xB210
0xF8F3,0xDB2E,0xF1A9,0xA62F,0x23DD,0x5786
0x3661,0xA5F9,0xC309,0x5402,0x9398,0x970B
0x336F,0x6F90,0xDE26,0x1A21,0x5CFF,0xC407
0x94A8,0x5D7F,0x65E2,0x2C78,0xC9D7,0x499A
0xC28D,0xE517,0xB791,0x5468,0x279A,0xE3F9
0x6824,0x6587,0x1992,0x1438,0x0DA3,0x0DAA
0x27CA,0x4500,0xD2BF,0x349B,0x62CA,0xE624
0xF010,0xDE46,0x893E,0xABC2,0x2E56,0x22FC
0x980B,0xAA3C,0x6141,0x5F68,0x3237,0x3E29
0x978A,0xE29A,0x62CF,0x9F8A,0x7510,0xFD45
0x35F9,0x9EB9,0xC492,0x6BF9,0xAB40,0xAF6B
0x92D9,0xCB99,0x6715,0xBEEC,0x5940,0xD9F9
0x9E8B,0x74DF,0x7BC7,0x05F1,0xEA54,0x7E36
0x4BE7,0xDE69,0x06B6,0xABE9,0x958E,0xAD5F
0xC2B9,0x6A55,0xB7A5,0x1F41,0xA8EC,0xA8E4
0x97D4,0xA257,0x621D,0x5F8F,0x3583,0x3D92
0xD32E,0xB119,0xBE47,0xB876,0x6237,0x0631
0x7E25,0x6E25,0x0B85,0x1B95,0x1000,0x1010
0x7307,0x3C00,0x4E4E,0xCDE2,0x4F07,0x83AC
0x2D6D,0x1792,0xD41E,0xC267,0x3AFF,0x1679
0x5833,0x3C6E,0xD1C9,0xCD08,0x645D,0x1CC1
0x877F,0x17A9,0x72A2,0xE260,0x90D6,0x90C2
0x9AAB,0x113E,0x67E3,0xE0F5,0x8B95,0x8716
0x87A8,0x35D3,0x72F1,0xFC84,0xB27B,0x8E75
0x42F5,0xFD19,0x37E9,0x8C3A,0xBFEC,0xBBD3
0x66C7,0x95B5,0x13FB,0x6CFE,0xF372,0x7F05
0xAC14,0x6E8A,0x4566,0x6B36,0xC29E,0x2E50
0x6EFB,0x5D41,0x0BC7,0x2C42,0x33BA,0x2785
0x416E,0xE080,0x3075,0x99BE,0xA1EE,0xA9CB
0x8D29,0xC2C5,0x7C7A,0xB759,0x4FEC,0xCB23
0x8E68,0xAD4D,0x7BB8,0x54BE,0x2325,0x2F06
0x567C,0x735B,0x2374,0x0E5A,0x2527,0x2D2E
0xF2D0,0x8663,0x877C,0x73A7,0x74B3,0xF4DB
0xACAB,0x9CB2,0x55D5,0x958C,0x3019,0xC059
0xE833,0xB480,0x6179,0x45EA,0x5CB3,0x2493
0x6600,0xE876,0x13B8,0x5984,0x8E76,0x4A3C
0xABC2,0x1AB8,0x462B,0xEF1C,0xB17A,0xA937
0xCF5B,0x04E0,0xAAC6,0xF5BA,0xCBBB,0x5F7C
0x9D7E,0xC974,0x6CB9,0xB8E3,0x540A,0xD45A
0x27F1,0x6F7B,0xD288,0x0A46,0x488A,0xD8CE
0xD29E,0xE5AA,0x9FB6,0x9C9D,0x3734,0x032B
0x3573,0x795A,0xBCE4,0x0071,0x4C29,0xBC95
0x67C9,0x2E46,0x12F0,0xDB32,0x498F,0xC9C2
0xEB41,0xF69D,0x9ED4,0x83B5,0x1DDC,0x1D61
0xC1FC,0x2FDE,0xB063,0xDAAB,0xEE22,0x6AC8
0xEBBD,0x7D63,0x9EA8,0x145C,0x96DE,0x8AF4
0x0DB1,0x03FB,0xFC62,0xFE4A,0x0E4A,0x0228
0xEF0F,0x8BA1,0x9A3A,0x7E14,0x64AE,0xE42E
0x00DC,0x1EB4,0xF182,0xEB74,0x1E68,0x1AF6
0x5046,0x87D0,0x214C,0x7209,0xD796,0x5345
0xB2A8,0x82BB,0x47C4,0x7F0B,0x3013,0x38CF
0x6830,0x1384,0x0186,0xE649,0x7BB4,0xE7CF
0x74CD,0xB070,0x1DE7,0x499E,0xC4BD,0x5479
0x6FBA,0x2DFA,0x0A07,0xD485,0x4240,0xDE82
0x7559,0x2B48,0x0472,0xDE1D,0x5E11,0xDA6F
0x9C02,0xFCD7,0x755C,0xCDB1,0x60D5,0xB8ED
0x8ECF,0x4581,0x7B1B,0x341A,0xCB4E,0x4F01
0x539F,0x164F,0x1E36,0xE303,0x45D0,0xFD35
0xEEFB,0x041C,0x8B47,0xEDC6,0xEAE7,0x6681
0x70CD,0x711D,0x01E3,0x00B2,0x01D0,0x0151
0x6D63,0xE331,0x044C,0x960C,0x8E52,0x9240
0xEC19,0x011E,0x9D2B,0xF0C5,0xED07,0x6DEE
0x02A3,0x1C40,0xEF03,0xED02,0x1EE3,0x0201
0xE44C,0x7809,0x6DF6,0x01AF,0x9C45,0x6C59
0x5773,0x0848,0x4286,0xF11E,0x5F3B,0xB398
0x1D9F,0x66EC,0xEC58,0x13D4,0x7B73,0xFF8C
0x9D9B,0xBBB8,0x64D4,0x4EFD,0x2623,0x2A29
0x1759,0xDDBC,0xE210,0xA4BF,0xCAE5,0x46AF
0x7B1E,0x0052,0x06BF,0xC930,0x7B4C,0xCF8F
0x9C19,0x00DE,0x6D5B,0xF184,0x9CC7,0x9CDF
0x3712,0xCA5E,0xE2C7,0xB7CE,0xFD4C,0x5509
0xCD8F,0xA9B1,0xBC98,0x40C6,0x643E,0xFC5E
0xA975,0x6967,0x5882,0x1854,0xC012,0x40D6
0x38E6,0x25D8,0xC984,0xD4A3,0x1D3E,0x1D27
0x0E88,0x288E,0xFB58,0xD97C,0x2606,0x2224
0x4461,0xF53F,0x357B,0x8410,0xB15E,0xB16B
0xD68F,0xB1ED,0xA383,0x4002,0x6762,0xE381
0xBF88,0x39BB,0x4AE9,0xC050,0x8633,0x8AB9
0x0EAE,0xC9F1,0xFB7A,0xA066,0xC75F,0x5B1C
0x1C2C,0xA74E,0xE5EE,0x52B3,0xBB62,0xB75D
0x530E,0xB5F6,0x3EE7,0x8459,0xE6F8,0xBABE
0x19D1,0x6D3E,0xD096,0x1C89,0x74EF,0xCC1F
0x3FDE,0x3CAB,0xCABB,0xC545,0x0375,0x0FFE
0xCE22,0x3C31,0xAB2E,0xCDD3,0xF213,0x66FD
0x14AA,0x8C98,0xED6C,0x7DCA,0x9832,0x90A6
0x9C2A,0x2DD4,0x6564,0xC4A7,0xB1FE,0xA1C3
0x20E7,0x5C45,0xD19D,0x3547,0x7CA2,0xE4DA
0xF40C,0x080D,0x9D26,0xF9DB,0xFC01,0x64FD
0x60C2,0x7A48,0x09E0,0x0F4C,0x1A8A,0x06AC
0x9F76,0x3396,0xAAF3,0xCE5F,0xACE0,0x64AC
0x0AC3,0x702F,0xE78B,0x0185,0x7AEC,0xE60E
0xE02E,0xF4EC,0x9114,0x9D46,0x14C2,0x0C52
0x6557,0xA5EA,0x54A8,0x5C1D,0xC0BD,0x08B5
0x8E9B,0x9E85,0x6BC7,0x6BC5,0x101E,0x0002
0x62F8,0x56A8,0x17C4,0x2320,0x3450,0x34E4
0xC4BA,0xAF0F,0xBDAC,0x5A7A,0x6BB5,0xE7D6
0xC7C7,0xD5B0,0xB25A,0xA4BB,0x1277,0x16E1
0x57D1,0x3E87,0x22D8,0xCB63,0x6956,0xE9BB
0x5F19,0xA320,0x2A98,0x565D,0xFC39,0x7CC5
0x8F78,0xA4DC,0x7AA9,0x4D26,0x2BA4,0x378F
0x1A25,0x05A4,0xEF81,0xFC7F,0x1F81,0x13FE
0x80B0,0x36BB,0x79EE,0xC35F,0xB60B,0xBAB1
0x59A5,0xA2BF,0x2822,0x4FE7,0xFB1A,0x67C5
0xAC2F,0x18DF,0x5D59,0xE99D,0xB4F0,0xB4C4
0x5B86,0x57AB,0xF647,0x222E,0x0C2D,0xD469
0xD9DB,0x9695,0xA050,0x63DD,0x4F4E,0xC38D
0x0903,0x136E,0xE0C8,0xFEC7,0x1A6D,0x1E0F
0xC79A,0x57F6,0xB28F,0xE2BB,0x906C,0x5034
0x761C,0x3304,0x03B4,0xC6E9,0x4518,0xC55D
0x9924,0x063E,0x6863,0xF3E2,0x9F1A,0x9B81
0x3A9C,0xF9A2,0xCF58,0x9099,0xC33E,0x5FC1
0x165E,0xF158,0xE312,0x78F7,0xE706,0x9BE5
0xDDC0,0xAE66,0xAC43,0x5B92,0x73A6,0xF7D1
0xC632,0x053C,0x7356,0xECE7,0xC30E,0x9FB1
0x179D,0x53CF,0xE254,0x3EA6,0x4452,0xDCF2
0x66D2,0x45BC,0x13D6,0x2C27,0x236E,0x3FF1
0xDFFD,0x7830,0xAA7C,0x3196,0xA7CD,0x9BEA
0x1E58,0x57FF,0xEB18,0x22F2,0x49A7,0xC9EA
0x50DE,0xFDBF,0x21D4,0x8C98,0xAD61,0xAD4C
0xBF30,0xE5D4,0x4A51,0x9C6F,0x5AE4,0xD63E
0x1C4D,0x8EBD,0xE50F,0x7BED,0x92F0,0x9EE2
0x531D,0x0981,0x2690,0xC056,0x5A9C,0xE6C6
0x3C18,0x7F49,0xCDFA,0x0A68,0x4351,0xC792
0xC7BE,0xF6D4,0xB2A3,0x837C,0x316A,0x31DF
0xDA87,0x3597,0x77C7,0x0438,0xEF10,0x73FF
0x88CC,0xFB41,0x791A,0x8EC4,0x738D,0xF7DE
0xB6EA,0x3C35,0x430E,0xF5D7,0x8ADF,0xB6D9
0x6516,0x58D7,0xD4E9,0x6915,0x3DC1,0xBDFC
0xD1B4,0x1F7F,0xA0BB,0xEA3A,0xCECB,0x4A81
0xC6FB,0xD7EC,0xB36F,0xA265,0x1117,0x110A
0x5944,0xAF10,0x2843,0x5A61,0xF654,0x7222
0x54F6,0x7EF9,0xE5B8,0x0BD9,0x2A0F,0xEE61
0xE3CF,0xCD96,0x6E16,0x7CC1,0x2E59,0x12D7
0x2599,0x085F,0xD462,0xF90D,0x2DC6,0x2D6F
0xA973,0x2A41,0x2078,0xDF15,0x8332,0xFF6D
0xA2BF,0xB7B5,0x4FE7,0x42DC,0x150A,0x0D3B
0xD5F1,0x75E7,0xA47A,0x04C8,0xA016,0xA0B2
0x20E3,0xA418,0xC981,0x5562,0x84FB,0x9CE3
0x045F,0x5794,0xF501,0x221D,0x53CB,0xD71C
0x3417,0x1F34,0x05B9,0xEAF5,0x2B23,0xEF4C
0x7F05,0x30B6,0x0AA4,0x819C,0x4FB3,0x8B38
0xD4D1,0xD520,0xA55B,0xA42B,0x01F1,0x0170
0xAC83,0xD445,0x45ED,0xADCF,0x78C6,0xE822
0x78B7,0x1F3B,0x49D5,0x1AF6,0x678C,0x5323
0x1F14,0x28AE,0xEAD5,0xD95C,0x37BA,0x3389
0xD3A3,0xD169,0xBED2,0xB8E6,0x02CA,0x0634
0x8C61,0xE9AA,0x7DB3,0x9091,0x65CB,0xED22
0x661F,0xBE3B,0x13A3,0x7B57,0xD824,0x68F4
0x2A59,0x5C2F,0xDF0D,0x2DA9,0x7676,0xF2A4
0xCA6F,0x4EAA,0xB7FF,0x4B36,0x84C5,0xFCC9
0x898F,0x4509,0x78DC,0x3492,0xCC86,0x4C4E
0x3A08,0x953C,0xCFCC,0x9C77,0xAF34,0x53BB
0x5375,0x9DA4,0x2678,0x74E7,0xCED1,0x529F
0xCC20,0x7203,0xBD32,0x1F93,0xBE23,0xA2A1
0x9BC8,0x4B57,0x6E6D,0x2646,0xD09F,0x482B
0x6094,0x33D1,0x112A,0xC6BC,0x5345,0xD796
0xF090,0xDD5B,0x89BE,0xA4D4,0x2DCB,0x2D6A
0xE060,0x5BC4,0x99DE,0x2E21,0xBBA4,0xB7FF
0x764A,0x790C,0x036E,0x08AB,0x0F46,0x0BC5
0x39FC,0xC55B,0xC89B,0xBCCC,0xFCA7,0x7457
0xEA91,0xCA73,0x9F85,0xC71B,0x20E2,0x589E
0xEE1E,0xDE9C,0x9B2A,0xAB9C,0x3082,0x30B6
0x72D9,0xF8EC,0x07F5,0x894A,0x8A35,0x8EBF
0xE90F,0x482A,0x983C,0x31B0,0xA125,0xA98C
0x9D95,0x7800,0x54D6,0x11A6,0xE595,0x4570
0x14E4,0x4DB4,0xEDAE,0x2427,0x5950,0xC989
0x4BB5,0xB6B4,0x3E40,0x43DC,0xFD01,0x7D9C
0xB71E,0xDF5E,0x4273,0xAADB,0x6840,0xE8A8
0x0A16,0xA91A,0xE7C6,0x5061,0xA30C,0xB7A7
0xA8B9,0xD2BD,0x51CF,0xA7B1,0x7A04,0xF67E
0xFCCB,0xA62B,0x8565,0x535F,0x5AE0,0xD63A
0x6478,0x4BE0,0x1542,0x3E95,0x2F98,0x2BD7
0x4B7F,0xF85A,0x366E,0x81F0,0xB325,0xB79E
0x1CC4,0x451B,0xF586,0x3C8C,0x59DF,0xC90A
0x9FF2,0xAC94,0x1ACF,0x45E6,0x3366,0x5F29
0x6AA9,0x964E,0x1F3D,0x6382,0xFCE7,0x7CBF
0xCE06,0x6A3F,0xBB12,0x178F,0xA439,0xAC9D
0xC872,0x3FA8,0xC118,0xCA49,0xF7DA,0x0B51
0x3ACE,0xE76C,0xC7AE,0x92D5,0xDDA2,0x557B
0x93C9,0x1946,0x6604,0xE805,0x8A8F,0x8E01
0xFA15,0x5DF0,0x8F11,0x2CF3,0xA7E5,0xA3E2
0x19FC,0x294F,0xE8BB,0xD83C,0x30B3,0x3087
0x826D,0xED5F,0x77B1,0x9CE8,0x6F32,0xEB59
0x5F20,0xCED9,0x2AA1,0xBB49,0x91F9,0x91E8
0x2AD4,0xD8CC,0xDF80,0xA94A,0xF218,0x76CA
0xF084,0xEAC1,0x81AA,0x9F55,0x1A45,0x1EFF
0xFDBC,0x97AA,0x849F,0x62EF,0x6A16,0xE670
0x95FB,0x2081,0x6C3C,0xD97F,0xB57A,0xB543
0x9FB5,0x3A4C,0x6AF4,0xCF08,0xA5F9,0xA5FC
0x2F62,0x171A,0xCA0F,0xE2DF,0x3878,0x28D0
0xD426,0xB1EB,0xA528,0x4808,0x65CD,0xED20
0xB98C,0x74F1,0x48EB,0x05DB,0xCD7D,0x4D30
0x5D2D,0x2EF0,0x24AE,0xDB80,0x73DD,0xFF2E
0xE159,0x45BA,0x88E6,0x3C2D,0xA4E3,0xB4CB
0x0974,0x089B,0xF823,0xF141,0x01EF,0x0962
0x992B,0x97CF,0x6060,0x6202,0x0EE4,0x0262
0xC546,0xC9C0,0xB4D9,0x8057,0x0C86,0x348E
0x6EA0,0x34A6,0x1B10,0xC548,0x5A06,0xDE58
0x7485,0xCE5F,0x0D2F,0xBBCB,0xBADA,0xB6E4
0xAB18,0x91DA,0x5E4D,0x6819,0x3AC2,0x3654
0xB70B,0x2E44,0x426E,0xDB34,0x994F,0x995A
0x2A84,0x11FA,0xDF50,0xE8B9,0x3B7E,0x37E9
0xC45F,0x2E9D,0xB5C1,0xDB6D,0xEAC2,0x6EAC
0x0DED,0x94AF,0xF4BE,0x65E1,0x9942,0x915F
0xECD1,0x9F1A,0x9D63,0x5A57,0x73CB,0xC734
0x5C99,0x4AE8,0x2D1B,0x3F9C,0x1671,0x1287
0xC824,0x9B5A,0xB932,0x6693,0x537E,0xDFA1
0x6970,0x60F0,0x0047,0x19CE,0x0980,0x1989
0x2393,0x24E4,0xEE32,0xDD9E,0x0777,0x33AC
0xAC15,0xA129,0x4567,0x6856,0x0D3C,0x2D31
0x0832,0x9EC6,0x0198,0x6B02,0x96F4,0x6A9A
0xB794,0x9AF6,0x42FD,0x1736,0x2D62,0x55CB
0x4ED6,0x74CD,0x7B02,0x1DE7,0x3A1B,0x66E5
0x3B2B,0x3E4A,0xC6C2,0xDB26,0x0561,0x1DE4
0xA582,0xEBCB,0x4CE5,0x9672,0x4E49,0xDA97
0x3993,0xEBD1,0xF048,0x9E44,0xD242,0x6E0C
0xD684,0xBEB2,0xA38C,0xBBAE,0x6836,0x1822
0xBB72,0x0491,0x366B,0xF54B,0xBFE3,0xC320
0x4B95,0x7C97,0x3E60,0xCD71,0x3702,0xF311
0x5099,0x6D1C,0x1917,0x14AF,0x3D85,0x0DB8
0x1EF2,0xD905,0x9B4E,0xA802,0xC7F7,0x334C
0x3B62,0xAEDE,0xD61B,0x5B2A,0x95BC,0x8D31
0x1071,0x0271,0xE93F,0xF72D,0x1200,0x1E12
0xCB1D,0xFD03,0xBE68,0x943C,0x361E,0x2A54
0xA9AE,0x1B79,0x58DD,0xEE5C,0xB2D7,0xB681
0x5EC4,0x16D7,0x2BC4,0xA35B,0x4813,0x889F
0x307F,0xADC5,0xC115,0x2436,0x9DBA,0xE523
0x4267,0x0192,0xFFDF,0xC871,0x43F5,0x37AE
0x3D3F,0xA56D,0xCCD8,0x6C96,0x9852,0xA04E
0x3726,0xD8BF,0xC2CB,0xA9BD,0xEF99,0x6B76
0x7139,0x1F5B,0x3896,0xDA16,0x6E62,0xE280
0x528B,0xBC70,0x2FEB,0x4D92,0xEEFB,0x6279
0xFF36,0x0AD5,0xCAD3,0xFF61,0xF5E3,0x35B2
0x8371,0x2EF7,0x76AC,0x1BC3,0xAD86,0x6D6F
0x2F22,0x710D,0xCACF,0x00A2,0x5E2F,0xCA6D
0x2D72,0xD94C,0xA4FD,0xA8CB,0xF43E,0x0C36
0xC166,0xB2FD,0xB0FD,0x4711,0x739B,0xF7EC
0x648E,0x93A7,0x1530,0x2E4E,0xF729,0x3B7E
0x8179,0xC9EA,0x68A6,0xB071,0x4893,0xD8D7
0xB844,0x81DF,0x49A2,0x7004,0x399B,0x39A6
0x41E7,0xE73F,0x30FC,0x9202,0xA6D8,0xA2FE
0x8E85,0xBDF0,0x7BD5,0x4C13,0x3375,0x37C6
0x0779,0x51E9,0xF220,0x38E6,0x5690,0xCAC6
0x07D6,0x18FE,0xB24B,0xE9BC,0x1F28,0x5BF7
0xECA1,0x5D5B,0x9D93,0x2454,0xB1FA,0xB9C7
0xA869,0x77A4,0x519F,0x020D,0xDFCD,0x5392
0x0EFE,0x5E58,0xFBAA,0x2B58,0x50A6,0xD0F2
0xD759,0x8535,0xA2D0,0x7C6E,0x526C,0xDEBE
0x6CAD,0x20FF,0x151F,0xD185,0x4C52,0xC49A
0x12FB,0xBA69,0xEFDB,0x4FAD,0xA892,0xA076
0x9B11,0x4485,0x6E34,0x3D1F,0xDF94,0x532B
0x90A5,0x5E36,0x61EB,0x6B72,0xCE93,0x0A99
0xD3C8,0x3B0D,0xA645,0xCEC8,0xE8C5,0x688D
0xCC5D,0x5548,0xB5CF,0x2443,0x9915,0x918C
0xB509,0xCB5F,0x4462,0xB6CE,0x7E56,0xF2AC
0x96D0,0x9134,0x6318,0x607B,0x07E4,0x0363
0x2046,0xC345,0xD13C,0xB6D8,0xE303,0x67E4
0xFF4E,0x7F21,0x8AEB,0x0A80,0x806F,0x806B
0xD01F,0xF9EE,0xA115,0x884D,0x29F1,0x2958
0x47E6,0xD5E2,0x32FB,0xBC75,0x9204,0x8E8E
0x82EC,0x819F,0x7730,0x70C4,0x0373,0x07F4
0xFB89,0xA300,0x8E8C,0x567D,0x5889,0xD8F1
0x6CD4,0x1599,0x05E6,0xE452,0x794D,0xE1B4
0x879E,0x9975,0x72C3,0x68B2,0x1EEB,0x1A71
0xCF1F,0x495E,0xBA0A,0x384D,0x8641,0x8247
0x51A5,0x0555,0x202A,0xFC0E,0x54F0,0xDC24
0x3925,0xE99E,0xC8C2,0x98AD,0xD0BB,0x506F
0x8075,0x8F1F,0x71AB,0x7A4A,0x0F6A,0x0BE1
0x9D0A,0x0701,0x6445,0xF2D8,0x9A0B,0x969D
0x732C,0xA28F,0x0681,0xAF17,0xD1A3,0xA996
0xFD81,0x6632,0x8CA2,0x13F6,0x9BB3,0x9F54
0xF6DD,0x0ABC,0x8375,0xFF88,0xFC61,0x7CFD
0xA1AF,0x1733,0x50D4,0x0286,0xB69C,0x5252
0x90EF,0x40C2,0x6125,0x29C0,0xD02D,0x48E5
0x018E,0x0195,0xF055,0xF04A,0x001B,0x001F
0xE052,0x1D0E,0xA9D0,0xECC9,0xFD5C,0x4519
0x7BAE,0x826F,0x060F,0x0F97,0xF9C1,0x0998
0x62B8,0x569D,0x1704,0x2315,0x3425,0x3411
0x916D,0x6F5E,0x60A2,0x1A6B,0xFE33,0x7AC9
0xE44D,0xAAD4,0x6DF7,0x5F00,0x4E99,0x32F7
0xEA4D,0xD0B1,0x9FD9,0xA9BF,0x3AFC,0x3666
0x9589,0x6AB7,0x64C2,0x0707,0xFF3E,0x63C5
0x643B,0x0B1A,0x1D8D,0xF6C3,0x6F21,0xEB4E
0x0B54,0x69F9,0xFEE1,0x10CE,0x62AD,0xEE2F
0x3B07,0x6249,0x16A6,0x1775,0x594E,0x01D3
0xE76F,0x0EB1,0x92D2,0xFB61,0xE9DE,0x69B3
0x2E80,0x2284,0xDB70,0xD778,0x0C04,0x0C08
0x58FC,0xFF9A,0x29FA,0xFAB7,0xA766,0xD34D
0xEDDB,0x7530,0x9464,0x049B,0x98EB,0x90FF
0x0C3D,0x3AF6,0xF5EF,0xF796,0x36CB,0x0279
0xA4E0,0x13A6,0x551A,0xAECF,0xB746,0xFBD5
0x1A3C,0x2DD6,0xEF98,0x9C61,0x37EA,0x73F9
0x2B81,0xD663,0xDE54,0x43F7,0xFDE2,0x9DA3
0x71E9,0x5B11,0x18C6,0x2E74,0x2AF8,0x36B2
0x7BE5,0xAA6D,0x0EE0,0x5FB9,0xD188,0x5159
0xCECA,0x9252,0x8B56,0x5F82,0x5C98,0xD4D4
0xECAD,0xBEE4,0x959F,0x4B04,0x5249,0xDE9B
0x97BE,0x9025,0x62F3,0x616B,0x079B,0x0398
0xC0E8,0xA9BE,0x4976,0x58CD,0x6956,0x11BB
0x790E,0x109A,0x08AD,0xE958,0x6994,0xE1F5
0x7E0F,0xBCD0,0x0BAB,0x4D32,0xC2DF,0x4699
0x71E9,0x8660,0x18C6,0x73B8,0xF789,0x6B7E
0x633F,0x4B18,0x0EA6,0x3EED,0x2827,0x304B
0x2C29,0xDF6A,0xDDDB,0xBAE7,0xF343,0x673C
0xCE89,0x90C1,0xBB99,0x690F,0x5E48,0xD296
0x144E,0xD661,0xE500,0xA3E9,0xC22F,0x46E9
0x1B82,0x5731,0xF65B,0x22B8,0x4CB3,0xD4E3
0x5111,0x656B,0x289E,0x1C5C,0x347A,0x34C2
0xD178,0xAA05,0x58F7,0x5F51,0x7B7D,0x07A6
0x3D82,0xB732,0xD47D,0xA227,0x8AB0,0x765A
0xB51F,0x2678,0x4470,0xD300,0x9367,0x9770
0x2778,0xC3FF,0xD201,0xAE86,0xE487,0x7C87
0x1778,0xB969,0xE231,0x408E,0xAE11,0xA2BF
0x7D8E,0xE929,0x0C29,0x901E,0x94A7,0x9C37
0x4B53,0xE930,0x067A,0x8007,0xA263,0x867D
0x31C3,0x2A1F,0xD8B0,0xD7EF,0x1BDC,0x0F5F
0x7A6F,0x047D,0x074F,0xED27,0x7E12,0xEA68
0x711E,0x62DB,0x00B5,0x1FCB,0x13C5,0x1F7E
0x7C04,0xEF79,0x15A6,0x9AC8,0x937D,0x8F6E
0x868C,0xE055,0x73D4,0x91EB,0x66D9,0xE23F
0x6675,0x6142,0x134D,0x0861,0x0737,0x1B2C
0x1161,0xCFCF,0xE82E,0xBA5A,0xDEAE,0x5274
0xE9A7,0xD161,0x9894,0xA8EE,0x38C6,0x307A
0x5C19,0x5FE2,0x2D9B,0x3AFF,0x03FB,0x1764
0x0A16,0xA431,0xE7C6,0x554B,0xAE27,0xB28D
0x94DA,0x41C3,0x6D1C,0x28C0,0xD519,0x45DC
0x851C,0x2E1E,0x6C47,0xDBEA,0xAB02,0xB7AD
0xA6AE,0x9017,0x53D2,0xA11D,0x36B9,0xF2CF
0xEA2F,0x01AF,0x971F,0xF074,0xEB80,0x676B
0x0C1B,0xC96A,0xF5C5,0xB0F1,0xC571,0x4534
0x37DE,0x8238,0xC2B3,0x7764,0xB5E6,0xB5D7
0xE79C,0x33DF,0x92A5,0xBED6,0xD443,0x2C73
0x35F7,0xB102,0x04D8,0x5871,0x84F5,0x5CA9
0x8F5B,0xB0CD,0x6A86,0x4123,0x3F96,0x2BA5
0x3B25,0x61D6,0xCEE0,0x502D,0x5AF3,0x9ECD
0x8B2C,0x5A4F,0x7E99,0x274F,0xD163,0x59D6
0xB87C,0x9D80,0x499A,0x6CC3,0x25FC,0x2559
0xFCE5,0xFDFC,0x9547,0x845F,0x0119,0x1118
0xEE24,0x97B4,0x9B14,0x62FD,0x7990,0xF9E9
0x59A1,0x91D9,0x3026,0x5816,0xC878,0x6830
0x2913,0x24B5,0xE0D8,0xDD4F,0x0DA6,0x3D97
0x0959,0x8C1E,0xF00E,0x7D48,0x8547,0x8D46
0xFAE0,0x0A8C,0x8F64,0xFFB8,0xF06C,0x70DC
0xB525,0x9238,0x4C4E,0x6774,0x271D,0x2B3A
0x91C9,0x3C54,0x7806,0xB536,0xAD9D,0xCD30
0x5398,0x9C48,0x2615,0x6D8A,0xCFD0,0x4B9F
0xF37E,0xF4D8,0xBEB7,0x8572,0x07A6,0x3BC5
0xAB7D,0xBFDA,0x5EA8,0x3A37,0x14A7,0x649F
0xF809,0x2BBD,0x812F,0xDE68,0xD3B4,0x5F47
0xB9ED,0x3C79,0x480A,0xCD1B,0x8594,0x8511
0xEE96,0xB023,0x5BE2,0x5951,0x5EB5,0x02B3
0x7592,0x738A,0x3C05,0x0E0B,0x0618,0x320E
0x9319,0x7739,0x6654,0x0290,0xE420,0x64C4
0xD3DE,0x9570,0x9E77,0x64BB,0x46AE,0xFACC
0x7805,0x6F0F,0x09A3,0x1ABA,0x170A,0x1319
0x4A73,0x012A,0x479B,0xF8F9,0x4B59,0xBF62
0x1759,0xF16D,0xE210,0x80C2,0xE634,0x62D2
0x3105,0x8651,0xC0EA,0x7389,0xB754,0xB363
0x4B69,0xA351,0x3E1C,0x56AC,0xE838,0x68B0
0x2FE2,0xC185,0xCA8F,0xB09A,0xEE67,0x7A15
0x8A90,0x3742,0x7F24,0xA237,0xBDD2,0xDD13
0x6B35,0x7DF6,0x1EA0,0xCC91,0x16C3,0xD231
0x5F3A,0xA006,0x5AB7,0x517C,0xFF3C,0x0BCB
0x2EAD,0x7DB6,0xDB5D,0x4CD1,0x531B,0x978C
0xEA0F,0x7F99,0x973F,0x0A38,0x9596,0x9D07
0xF1B6,0xF771,0xC05D,0x82D8,0x06C7,0x4285
0x2B7F,0xEABC,0xD60E,0x9FA8,0xC1C3,0x49A6
0x021C,0xC70B,0xF7C0,0xB21E,0xC517,0x45DE
0x9BEB,0xA26F,0x6622,0x6FF7,0x3984,0x09D5
0xF033,0x9134,0x7961,0x607B,0x6107,0x191A
0x4990,0x2894,0x2007,0xD962,0x6104,0xF965
0x53A1,0x66B3,0x262C,0x1377,0x3512,0x355B
0x1B8C,0xC915,0xEE29,0xB802,0xD299,0x562B
0x7127,0x3332,0x008C,0x3EC3,0x4215,0x3E4F
0x04B7,0xD0F7,0xB5A9,0x613D,0xD440,0xD494
0xC408,0x608A,0xB512,0x1938,0xA482,0xAC2A
0xE02D,0x5EB0,0x9113,0x2B30,0xBE9D,0xBA23
0x3A1A,0x093C,0xC7F2,0xF8EB,0x3326,0x3F19
0x4F06,0x8A20,0x3A93,0x7F94,0xC526,0x4507
0x8922,0x5AA5,0x6069,0x2FC1,0xD387,0x4FA8
0xF64F,0x5634,0x83E3,0x23BC,0xA07B,0xA05F
0x991F,0x1C62,0x685C,0xF53C,0x857D,0x9D60
0x01EC,0x2C87,0xF0B3,0xDD71,0x2D6B,0x2DC2
0x92D9,0x9208,0x6715,0x6744,0x00D1,0x0051
0x08D4,0xEDDE,0xF982,0x9C69,0xE50A,0x65EB
0x70DC,0x0A01,0x01F2,0xFF35,0x7ADD,0xFEC7
0x38F3,0x2C41,0xB169,0xDD33,0x14B2,0x6C5A
0x023E,0xDB1A,0xEF86,0xA613,0xD924,0x4995
0x4AE5,0xC0A2,0x3F91,0xA9A0,0x8A47,0x9631
0xFCEB,0x71B6,0x8545,0x40DD,0x8D5D,0xC598
0x09AC,0x68BF,0xF87B,0x190D,0x6113,0xE176
0x3892,0x457F,0xF148,0x3460,0x7DED,0xC528
0xFF08,0x0740,0x8A29,0xF219,0xF848,0x7830
0xF3C5,0x0D68,0x8668,0xFC3B,0xFEAD,0x7A53
0xDFBE,0xD03B,0xAABB,0xA939,0x0F85,0x0382
0x441B,0xB4B4,0x3D8D,0x4DDE,0xF0AF,0x7053
0xF89E,0x4457,0x89BC,0x7589,0xBCC9,0xFC35
0x47DE,0x5304,0x32C3,0x2689,0x14DA,0x144A
0x05FD,0x3962,0xECA6,0xD019,0x3C9F,0x3CBF
0x3DCD,0x3704,0xC4AE,0xC2ED,0x0AC9,0x0643
0xAC98,0x98A9,0x5DEA,0x61EF,0x3431,0x3C05
0x9538,0x1882,0x6473,0xF158,0x8DBA,0x952B
0x82B7,0x99BE,0x7F0F,0x68FD,0x1B09,0x17F2
0x5C07,0x3716,0x2D81,0x02BB,0x6B11,0x2F3A
0xAC6D,0x3E79,0x559F,0xCB19,0x9214,0x9E86
0xC478,0x5D45,0xB5E2,0x3446,0x993D,0x81A4
0x657C,0x2818,0x0C47,0xD1EE,0x4D64,0xDDA9
0x63B5,0xD8EA,0x1608,0xA160,0xBB5F,0xB768
0x60F6,0xD18A,0xD18C,0xA889,0xB17C,0x7905
0x5ABB,0xA0DE,0x2733,0x5124,0xFA65,0x7617
0x8BD8,0xDA15,0x7EED,0xAFF1,0x51CD,0xD11C
0x70DA,0x0E5E,0x09F8,0xFB0A,0x7E84,0xF2F2
0xFDF1,0x5D0E,0x8C52,0x2C89,0xA0FF,0xA0DB
0x95F6,0xC1B7,0xA479,0xF06C,0x5441,0x5415
0xF3C2,0xF75A,0x9E53,0x82FF,0x0498,0x1CAC
0x4353,0x64B2,0x0E52,0xED74,0x27E1,0xE326
0x3696,0x61C1,0x033A,0x18FE,0x5757,0x1BC4
0xC88C,0xDE50,0xB99A,0xABD0,0x16DC,0x124A
0x51B6,0xB915,0x60FD,0x4872,0xE8A3,0x288F
0x8118,0xEF24,0x6847,0x9A15,0x6E3C,0xF252
0xFCFE,0x2C5E,0x8D58,0xDD28,0xD0A0,0x5070
0xF20A,0x84E6,0x8F0A,0x7538,0x76EC,0xFA32
0xBD6D,0x68C7,0x448E,0x19F5,0xD5AA,0x5D7B
0x16AE,0xCFE0,0xE362,0xBA71,0xD94E,0x5913
0x301D,0xAD6E,0xC1F3,0x5C99,0x9D73,0x9D6A
0xFA61,0xA09B,0x8FE5,0x59E9,0x5AFA,0xD60C
0x7E32,0x2D33,0xFBEE,0x24BC,0x5301,0xDF52
0x7D7D,0x662D,0x045E,0x1395,0x1B50,0x17CB
0x563B,0x076D,0x23BF,0xF234,0x5156,0xD18B
0xCE87,0x9658,0xBB93,0x6390,0x58DF,0xD803
0x1F22,0xAEE8,0xFAFF,0x5B18,0xB1CA,0xA1E7
0x64EE,0x0E0A,0x15D0,0xCBD6,0x6AE4,0xDE06
0x73AE,0x741B,0x1E27,0x0DBD,0x07B5,0x139A
0xDC76,0x971C,0x6DB0,0x6255,0x4B6A,0x0FE5
0xE6CC,0xD9A2,0x9374,0xB0B9,0x3F6E,0x23CD
0x8FB5,0x8E6D,0x7AE4,0x7BBD,0x01D8,0x0159
0x0EE2,0x3B19,0xEBAE,0xCEDC,0x35FB,0x2572
0x6FC7,0x5EDE,0x1AF2,0x2BDA,0x3119,0x3128
0x9C64,0x03E8,0x75A6,0xF6B5,0x9F8C,0x8313
0xEA96,0x515D,0x87A6,0x2052,0xBBCB,0xA7F4
0x62BD,0x1006,0x1701,0xE1CC,0x72BB,0xF6CD
0x0DEE,0x1C5B,0xFCB9,0xE515,0x11B5,0x19AC
0x7597,0xC1E0,0xC478,0xB87F,0xB477,0x7C07
0xC77D,0x38E1,0xB2E4,0xD187,0xFF9C,0x6363
0xEAF5,0xF7F5,0x9F61,0x825C,0x1D00,0x1D3D
0xD29E,0xBB69,0x9FB6,0x4EAC,0x69F7,0xD11A
0x8BC1,0x75D9,0x7EF4,0x04F2,0xFE18,0x7A06
0x4462,0xAAE9,0x2D64,0x5F3D,0xEE8B,0x7259
0xE2C5,0x62D0,0x9779,0x17EC,0x8015,0x8095
0x020F,0x2C1D,0xCFF7,0xD5EF,0x2E12,0x1A18
0x256B,0x3D9E,0xDC1C,0xCC79,0x18F5,0x1065
0x32DE,0x682B,0xBFD6,0x1191,0x5AF5,0xAE47
0x0031,0xDB17,0xF9EF,0x9616,0xDB26,0x6FF9
0xD6A2,0x054F,0xC3B6,0xF410,0xD3ED,0x37A6
0xB9A1,0xEFF2,0x50C6,0xEABF,0x5653,0xBA79
0xBC59,0x670E,0x4DBB,0x12B3,0xDB57,0x5F08
0x33ED,0xD2BB,0xC680,0xAF5B,0xE156,0x69DB
0xA385,0x4FC4,0x56F8,0x3AD5,0xEC41,0x6C2D
0xD88D,0x4B70,0xA98B,0x3E05,0x93FD,0x978E
0x46D5,0x064F,0x33CD,0xF313,0x409A,0xC0DE
0xADE9,0x68E1,0x5C1A,0x21D7,0xC508,0x7DCD
0xD9B4,0x7CF7,0xA8B3,0xCD91,0xA543,0x6522
0xAF02,0x5CCA,0x4A6F,0x25C4,0xF3C8,0x6FAB
0x9CCB,0xFA3D,0x6505,0x8F39,0x66F6,0xEA3C
0xD7C6,0xDB7F,0xA24B,0xA6FE,0x0CB9,0x04B5
0x8E68,0x0115,0x7BB8,0xF0CA,0x8F7D,0x8B72
0xB487,0xC3D7,0x45E9,0xBE2E,0x7750,0xFBC7
0x82A7,0x42F3,0x3F5F,0x4F33,0xC054,0x706C
0x5CEE,0xFE15,0x2DE8,0x8B35,0xA2FB,0xA6DD
0x12B7,0xCB0C,0xEF1F,0xBE79,0xD9BB,0x5166
0xA30A,0xBF83,0x5E5B,0x5AFE,0x1C89,0x04A5
0xA85C,0xBB1C,0x59AA,0x4E59,0x1340,0x17F3
0x1470,0x0437,0xE53A,0xB529,0x1047,0x5013
0x6BE5,0xC2D5,0x1EF0,0xB749,0xA930,0xA9B9
0xE083,0x9BD4,0x89A1,0x6E71,0x7B57,0xE7D0
0xA834,0xB5A4,0x5942,0x4CCF,0x1D90,0x158D
0x6FBC,0x7EED,0x1A0D,0x0BCD,0x1151,0x11C0
0xC64E,0x9640,0xB3D2,0x6388,0x500E,0xD05A
0xA4C1,0xF756,0x553B,0xC23B,0x5397,0x9700
0x2416,0xD709,0x15A8,0xA200,0xF31F,0xB7A8
0x657F,0x4680,0x1440,0x3318,0x23FF,0x2758
0xE171,0xD081,0x98CE,0xA98F,0x31F0,0x3141
0x9452,0xB6B5,0x5DA4,0x43DD,0x22E7,0x1E79
0xD130,0xF236,0xA83F,0x8F3E,0x2306,0x2701
0x7FEC,0x007F,0x0ACD,0xF125,0x7F93,0xFBE8
0xA6D2,0x25E6,0x5316,0xD499,0x8334,0x878F
0x2BDC,0x92BD,0xDE89,0x67F1,0xB961,0xB978
0x8C4E,0x485C,0x7D98,0x394A,0xC412,0x44D2
0xA23B,0xA824,0x5F6B,0x5952,0x0A1F,0x0639
0x30E6,0xD25E,0xC18C,0x9FF6,0xE2B8,0x5E7A
0x03B4,0xAFF9,0xF669,0x5A08,0xAC4D,0xAC61
0xA233,0x8151,0xAFD3,0x788E,0x2362,0xD75D
0xE00E,0x5AF9,0x9134,0x2F1D,0xBAF7,0xBE29
0x4790,0xC7C6,0x3209,0xB25B,0x8056,0x8052
0x092F,0xEAE1,0xF8FC,0x9F75,0xE3CE,0x6789
0x8DC7,0x2BD2,0x7C10,0xE69B,0xA615,0x9A8B
0x773B,0xEACD,0x029E,0x9F59,0x9DF6,0x9DC7
0x32D8,0x3661,0xC7B4,0xC309,0x04B9,0x04BD
0x9944,0xE712,0x6883,0x9217,0x7E56,0xFA94
0xCC22,0x191D,0xA52C,0xE8DA,0xD53F,0x4DF6
0x94F1,0x17A3,0x653B,0x0276,0x8352,0x674D
0xFE1F,0x1FC7,0x8B3B,0xEA82,0xE1D8,0x61B9
0xC898,0x8E29,0xB18E,0x7B79,0x46B1,0xCAF7
0xBD6B,0xB48E,0x4484,0x45E0,0x09E5,0x0164
0x2482,0x8F8A,0xCD64,0x4AD7,0xAB08,0x87B3
0x569D,0x2265,0x2315,0xD719,0x74F8,0xF40C
0x9EB0,0x1478,0x6BF0,0xE532,0x8AC8,0x8EC2
0x42D7,0x5425,0x3FAF,0x2DAF,0x16F2,0x1200
0xD548,0xC387,0xA4C3,0x7E3E,0x16CF,0xDAFD
0x7E4F,0xF184,0x0B6B,0x80AB,0x8FCB,0x8BC0
0xAA76,0x48CD,0x4786,0x39DB,0xE2BB,0x7E5D
0xF0B3,0xEEE9,0x79E1,0x9B59,0x1E5A,0xE2B8
0xB820,0x977F,0x5146,0x62B2,0x2F5F,0x33F4
0x78EE,0xEB0C,0x09CC,0x9E19,0x93E2,0x97D5
0xF3F9,0x6D2C,0x8654,0x149F,0x9ED5,0x92CB
0xDCE0,0xEBA4,0xAD62,0x9EB1,0x3744,0x33D3
0x8042,0x8564,0x6980,0x7CBF,0x0526,0x153F
0xF3CB,0x9DA0,0x8E4A,0x6CE3,0x6E6B,0xE2A9
0x244D,0xBFDE,0xAD37,0x4A3B,0x9B93,0xE70C
0x0660,0x405F,0xF338,0x3145,0x463F,0xC27D
0x3C65,0xCDEE,0xD507,0xBC79,0xF18B,0x697E
0xD8F0,0x7D61,0x5176,0x0C42,0xA591,0x5D34
0xFDC5,0xB4BC,0x9466,0x7DD6,0x4979,0xE9B0
0x5BB1,0x483F,0x2ED4,0x39AD,0x138E,0x1779
0xF22C,0xDA4E,0x8700,0xA7CE,0x2862,0x20CE
0xBA8B,0x96F0,0x47E3,0x6338,0x2C7B,0x24DB
0xF16E,0xD5EC,0x80C5,0xBC67,0x2482,0x3CA2
0x0E8F,0x8480,0xFB5B,0x75DA,0x8A0F,0x8E81
0xFC1F,0x6F89,0x8D39,0x1A38,0x9396,0x9701
0x1EC0,0x9D2A,0xEB80,0x6465,0x83EA,0x8FE5
0xF0DA,0x6068,0x8978,0x2956,0x90B2,0xA02E
0x8D0A,0x5D00,0x7455,0x2C83,0xD00A,0x58D6
0x8D22,0x950D,0x646D,0x7C46,0x182F,0x182B
0x20C6,0x98E8,0xD1BC,0x612E,0xB82E,0xB092
0xBF9D,0x92E7,0x4AFC,0xAF0F,0x2D7A,0xE5F3
0xA062,0xA337,0x4980,0x5E6E,0x0355,0x17EE
0xB3CD,0xB480,0x4620,0x45EA,0x074D,0x03CA
0x3A0A,0x681A,0xC7E2,0x11A0,0x5210,0xD642
0x09B2,0x9AA3,0x0019,0x77FB,0x9311,0x77E2
0xA48E,0x2521,0x55F0,0xD4DA,0x81AF,0x812A
0x6997,0x604E,0xD864,0x1174,0x09D9,0xC910
0x9C87,0x6864,0x6DC1,0x1952,0xF4E3,0x7493
0x0532,0x8A72,0x0C95,0x075A,0x8F40,0x0BCF
0x631C,0xA7CC,0x16A1,0x5235,0xC4D0,0x4494
0x1BF7,0xDA6D,0x96B6,0xAF09,0xC19A,0x39BF
0xC4DE,0x457F,0xB540,0x3460,0x81A1,0x8120
0x5E96,0xFF4E,0xEB52,0x8AEB,0xA1D8,0x61B9
0x9BFE,0x6804,0x663F,0x19B2,0xF3FA,0x7F8D
0x48CC,0x59AE,0x39DA,0x282D,0x1162,0x11F7
0x7A43,0x9A52,0x177B,0x57AA,0xE011,0x40D1
0xC60E,0x5B3E,0xB312,0x26BF,0x9D30,0x95AD
0xB69F,0xDF25,0x43F3,0xAA24,0x69BA,0xE9D7
0x748D,0x4EF4,0x1D27,0x3BE4,0x3A79,0x26C3
0x2E56,0xC135,0x9BE2,0xB02A,0xEF63,0x2BC8
0xC50E,0x34A9,0xB411,0xC543,0xF1A7,0x7152
0x9706,0x8917,0x624B,0xB804,0x1E11,0xDA4F
0x870D,0xC680,0x7254,0xB398,0x418D,0xC1CC
0x0C9B,0x176B,0xF545,0xE22E,0x1BF0,0x176B
0x86A5,0x72F5,0x73FD,0x07D9,0xF450,0x7424
0x6C78,0x8833,0x1D4A,0x8119,0xE44B,0x9C53
0x6777,0x6DF7,0xD20A,0xDC80,0x0A80,0x0E8A
0xF9EF,0x9A87,0x884C,0xB787,0x6368,0x3FCB
0x3B76,0x0A73,0xF617,0x87DB,0x3105,0x71CC
0x11FE,0xBD36,0xE0B5,0x0C91,0xACC8,0xEC24
0xB21B,0xFE87,0x4F5B,0x8BA3,0x4C9C,0xC4F8
0x59B8,0x0742,0x203F,0xF207,0x5EFA,0xD238
0x9A4E,0x6DD6,0x678E,0x5C21,0xF798,0x3BAF
0xA286,0x7DF1,0x9F9E,0x0CD2,0xDF77,0x934C
0x90D2,0x3EDB,0x5920,0xBBB7,0xAE09,0xE297
0xF780,0x878F,0x82A9,0x72D2,0x700F,0xF07B
0x5580,0xA9DF,0x240B,0x582C,0xFC5F,0x7C27
0x5934,0x8565,0x28B3,0x7CBE,0xDC51,0x540D
0xDB33,0xEFF4,0x564A,0x9A45,0x34C7,0xCC0F
0xBF8B,0x234F,0x5AE6,0xAED6,0x9CC4,0xF430
0x4464,0x5779,0x3D7E,0x2270,0x131D,0x1F0E
0xA13D,0x6FE7,0x5042,0x1AD2,0xCEDA,0x4A90
0x1B1B,0x96AF,0xE6D2,0x63E3,0x8DB4,0x8531
0xBF01,0x227C,0x4A60,0xD700,0x9D7D,0x9D60
0xF658,0x3134,0x83F0,0xC0DB,0xC76C,0x432B
0xE13B,0x0B8B,0x9808,0xF652,0xEAB0,0x6E5A
0xDB0A,0x72FD,0xA603,0x07D1,0xA9F7,0xA1D2
0x4C57,0x4E20,0x7D81,0x3BB0,0x0277,0x4631
0x48EA,0x4AC0,0x31F0,0x3FB4,0x022A,0x0E44
0x0EDD,0xFC76,0xFB8D,0x4D90,0xF2AB,0xB61D
0xF294,0xF106,0x87B8,0x802D,0x0392,0x0795
0x8890,0xB762,0x61C6,0x6297,0x3FF2,0x0351
0x7D21,0x0C3E,0x0C82,0xFDE8,0x711F,0xF16A
0xD77E,0x40B5,0xA2F3,0x312B,0x97CB,0x93D8
0x3DCB,0xE483,0xC4A4,0x8DA5,0xD948,0x4901
0x2FE7,0xFBDA,0xDA92,0x8673,0xD43D,0x5CE1
0xACBA,0xBEDA,0x55C4,0x3B36,0x1260,0x6EF2
0x1239,0x13E6,0xE7F5,0x2E8F,0x01DF,0xC97A
0x0E12,0x62E5,0xCBFE,0x17D9,0x6CF7,0xDC27
0x8EB6,0x8706,0x3B22,0x725B,0x09B0,0x4979
0xB4E8,0x0D34,0x4502,0xE4E7,0xB9DC,0xA1E5
0x6792,0xB04C,0x1217,0x41A2,0xD7DE,0x53B5
0xC4D5,0x6FFA,0xBD4F,0x0AC7,0xAB2F,0xB788
0x7C79,0xCE2A,0x0D5B,0xCB36,0xB253,0xC66D
0x341F,0x2DBB,0xC5F1,0xD444,0x19A4,0x11B5
0x2E8F,0x86F2,0xDB7B,0x33D6,0xA87D,0xE8AD
0xA6C9,0xE8CB,0x5331,0x9171,0x4E02,0xC240
0x5FAA,0xC9D3,0x3A27,0x8078,0x9679,0xBA5F
0x0C2A,0xBAB6,0xF5F4,0x77D6,0xB69C,0x8222
0x8A97,0x7321,0x67C7,0x068C,0xF9B6,0x614B
0xB8B7,0x048C,0x0915,0xCD56,0xBC3B,0xC443
0x0637,0xB72C,0xB32B,0x4245,0xB11B,0xF16E
0x267E,0xC4C0,0xD302,0xB55A,0xE2BE,0x6658
0x99F3,0x30F7,0x10C8,0x01DD,0xA904,0x1115
0xD297,0x0C9B,0xAF7F,0xF545,0xDE0C,0x5A3A
0xAC53,0x1B9F,0x659D,0xE65E,0xB7CC,0x83C3
0xCA9F,0x9617,0xB78F,0xA31B,0x5C88,0x1494
0x52DE,0xAD66,0x1FF6,0x5C91,0xFFB8,0x4367
0xD715,0xEE24,0xA21C,0x9B14,0x3931,0x3908
0x9B5A,0xD9F1,0x6693,0x5076,0x42AB,0x36E5
0xF491,0x4A14,0x85BB,0x3FE0,0xBE85,0xBA5B
0xA61D,0x6227,0x5365,0x5F7F,0xC43A,0x0C1A
0x716F,0x8D93,0x0044,0x44FC,0xFCFC,0x44B8
0x5D30,0x49D9,0x2CB3,0x30CE,0x14E9,0x1C7D
0x02B0,0x04F1,0xF76C,0xF5AB,0x0641,0x02C7
0xE435,0xF9E4,0x9D0F,0x8843,0x1DD1,0x154C
0xECAA,0x7381,0x9594,0x062C,0x9F2B,0x93B8
0x9AC8,0x2512,0x6F6C,0xECD5,0xBFDA,0x83B9
0x9CC9,0x0A65,0x6D0B,0xFFD1,0x96AC,0x92DA
0xED42,0x7A16,0x84ED,0x77B6,0x9754,0xF35B
0xA5F3,0x0242,0x2CF4,0xEF62,0xA7B1,0xC396
0x2EAC,0x0F42,0xDB5C,0xEA0F,0x21EE,0x3153
0x83BA,0x973F,0x7E0B,0x6272,0x1485,0x1C79
0x04CD,0xCCF1,0xCD97,0xBD63,0xC83C,0x70F4
0x3E16,0x634E,0x0BB2,0xEE17,0x5D58,0xE5A5
0xF29F,0x1D49,0xFF57,0xEC0A,0xEFD6,0x135D
0x3B03,0xBC1C,0xD6FA,0x457E,0x871F,0x9384
0x0721,0xB98C,0xF2F8,0x48EB,0xBEAD,0xBA13
0x47F2,0xE7C3,0x7217,0x9266,0xA031,0xE071
0x91F7,0xE008,0xA07C,0xE936,0x71FF,0x494A
0x39BD,0x6F32,0xC85A,0xEAFF,0x568F,0x22A5
0x9D40,0xC6AE,0x6C83,0xB3B2,0x5BEE,0xDF31
0x87B9,0x05EC,0x72E0,0x8CB7,0x8255,0xFE57
0x94F2,0x657F,0x1DC4,0x1440,0xF18D,0x0984
0x2C82,0xD091,0xC56C,0xA99F,0xFC13,0x6CF3
0xFE8F,0xE092,0x8BAB,0xA990,0x1E1D,0x223B
0x14B9,0x4B2B,0xE573,0x36B2,0x5F92,0xD3C1
0xCAE0,0x54E1,0xBF14,0x25EB,0x9E01,0x9AFF
0x2A27,0x39F7,0x2797,0x08D4,0x13D0,0x2F43
0x94F6,0xBF50,0xA578,0x4AB1,0x2BA6,0xEFC9
0x2E1C,0xC26C,0xDBEC,0xB7F0,0xEC70,0x6C1C
0x1FCD,0x8C58,0xEA8C,0x7D8A,0x9395,0x9706
0x2D6D,0x9763,0xD41E,0x02B6,0xBA0E,0xD6A8
0x241E,0x4687,0xD5E0,0x331B,0x6299,0xE6FB
0x725E,0x95E9,0xFF96,0x6422,0xE7B7,0x9BB4
0x884E,0x7EA3,0x799C,0x1B1F,0xF6ED,0x6283
0xD414,0x9FD8,0xAD1E,0x6A19,0x4BCC,0xC707
0x1BE6,0xFB82,0x36E7,0x96BB,0xE064,0xA05C
0x6B71,0x1428,0x1E64,0xE5E2,0x7F59,0xFB86
0xB9F7,0x1237,0x8854,0xEF9F,0xABC0,0x67CB
0x7443,0xAEB9,0x1D75,0x5BC9,0xDAFA,0x46BC
0x3530,0x460D,0xC4DB,0x3395,0x733D,0xF74E
0x5DB8,0x22BA,0x2C3B,0xDF6A,0x7F02,0xF351
0xEFD0,0x6438,0x9A61,0x1582,0x8BE8,0x8FE3
0x88E1,0x3B34,0x0137,0xCEF1,0xB3D5,0xCFC6
0xFDC8,0xD8D7,0x8C6B,0xE995,0x251F,0x65FE
0x3607,0xA54C,0xC3EB,0x2CB7,0x934B,0xEF5C
0xE994,0x94B5,0x98A3,0x6DFF,0x7D21,0xF55C
0x2D68,0xC125,0xDC1B,0xB03A,0xEC4D,0x6C21
0x3551,0x8C80,0xC43A,0x7DD2,0xB9D1,0xB9E8
0xC362,0xA075,0xAE03,0x518B,0x6317,0xFF88
0xC48B,0xB440,0xBD9D,0x45AA,0x70CB,0xF837
0x1F68,0x23A4,0xEA29,0xD659,0x3CCC,0x3C70
0xAB64,0xC436,0x5EB1,0xF5E8,0x6F52,0xAB59
0x7AF1,0xE29D,0x0FF5,0x97A1,0x986C,0x9854
0x867B,0xFB03,0x73AF,0x963A,0x7D78,0xE595
0xC095,0xC6FC,0xB18B,0xB364,0x0669,0x02EF
0xFC9F,0x3914,0x8DB9,0xC8F3,0xC58B,0x454A
0x3F12,0xCBBA,0xFACF,0xB6A3,0xF4A8,0x4C6C
0xA259,0xD317,0x57A5,0xAEFE,0x714E,0xF95B
0x1198,0x202A,0xD857,0xD9D8,0x31B2,0x018F
0x80C5,0x9AE3,0x711B,0x773B,0x1A26,0x0620
0x3DC9,0xFD6D,0xCCAA,0x84CE,0xC0A4,0x4864
0xD3B4,0x475A,0xA6B9,0x324F,0x94EE,0x94F6
0x3D32,0x37D3,0x34AD,0xE286,0x0AE1,0xD62B
0x49C0,0x0EFE,0x00D7,0xFBAA,0x473E,0xFB7D
0x1C2D,0xD553,0xE5EF,0x9CE4,0xC97E,0x790B
0x61CA,0x061E,0x18F9,0xF3C2,0x67D4,0xEB3B
0x9023,0x472A,0x7971,0x32BF,0xD709,0x4BCE
0x0C89,0x2096,0xFD5B,0x112C,0x2C1F,0xEC77
0x4BDD,0xFD6F,0x3EA8,0x8CC8,0xB6B2,0xB260
0x1E42,0xAC46,0xFB1E,0x5DB0,0xB204,0xA6AE
0x2BC4,0x2C8F,0xDE91,0xDD79,0x074B,0x03E8
0xCB56,0xB6DF,0xA6C7,0x4333,0x7D89,0xE5F4
0x458B,0x05A2,0x3C1C,0xEC65,0x4029,0xD079
0xFEB0,0xDAF0,0x8B90,0xAF94,0x2440,0x2404
0x6342,0x34C7,0x0E43,0xC5A9,0x5785,0xCBEA
0xF565,0x4AA3,0x8CCE,0x272B,0xBFC6,0xABE5
0x6E0E,0x9E04,0x1BBA,0x6B44,0xF00A,0x70FE
0x7566,0x9D73,0x0449,0x144C,0xE815,0x1005
0x0970,0xA9DD,0xE027,0x582A,0xA0AD,0xB80D
0xFAAB,0xB009,0x8783,0x5967,0x4AA2,0xDEE4
0xEA1E,0x6EB9,0x972E,0x1B09,0x84A7,0x8C27
0xB72A,0xB187,0x424F,0x40EC,0x06AD,0x02A3
0x61E3,0xAA14,0x08C0,0x5F40,0xCBF7,0x5780
0x1AD0,0xD71F,0xEFF4,0xA212,0xCDCF,0x4DE6
0xB9E7,0xBEE2,0x4804,0x5B1E,0x0705,0x131A
0x753D,0x2AC0,0x3C96,0xDF94,0x5FFD,0xE302
0x6CE2,0x0102,0x05CC,0xE8C1,0x6DE0,0xED0D
0xF233,0xAA5A,0x7F83,0x57A2,0x5869,0x2821
0x35BC,0x6B80,0xFC57,0x1E15,0x5E3C,0xE242
0x0577,0x4B18,0x3468,0x3EED,0x4E6F,0x0A85
0x7A0B,0xB2EC,0x07A3,0x4700,0xC8E7,0x40A3
0x99CB,0x612C,0x6000,0x1093,0xF8E7,0x7093
0x87C8,0xD21D,0x7211,0xA711,0x55D5,0xD500
0x57AB,0x9898,0x222E,0x61DE,0xCF33,0x43F0
0x91EE,0x718B,0x6025,0x0828,0xE065,0x680D
0x62B9,0x4C7C,0x1705,0x356E,0x2EC5,0x226B
0x3DC4,0x109E,0xD4A7,0xE154,0x2D5A,0x35F3
0x1B4B,0x0759,0xE602,0xF200,0x1C12,0x1402
0x5358,0x8B31,0x2655,0x7E84,0xD869,0x58D1
0x8DE6,0xE487,0x7C31,0x95B9,0x6961,0xE988
0x6473,0xBB0D,0x6DB5,0x4E48,0xDF7E,0x23FD
0x49FE,0x7F52,0x38ED,0x3A4F,0x36AC,0x02A2
0x3025,0xFF2D,0xC1CB,0x8A0C,0xCF08,0x4BC7
0x6C40,0xF98A,0x1D72,0x80A1,0x95CA,0x9DD3
0x57B1,0xBE1A,0x2238,0xBB76,0xE9AB,0x994E
0x831C,0xF71F,0x7641,0x8232,0x7403,0xF473
0x8FEC,0x6541,0x7A3D,0x147A,0xEAAD,0x6E47
0x638F,0xE932,0x6E56,0x6079,0x8ABD,0x0E2F
0x6740,0x1208,0x1279,0xE7C4,0x7548,0xF5BD
0x0A71,0x5B49,0xFFC5,0x2EAC,0x5138,0xD169
0xCF95,0xBCEF,0xBA84,0x4D09,0x737A,0xF78D
0x8661,0x1C49,0x73B9,0xED0B,0x9A28,0x9EB2
0xE271,0xB599,0x97CD,0x44F2,0x57E8,0xD33F
0x5DFB,0x0CBD,0x24F4,0xF56F,0x5146,0xD19B
0x0FE3,0xBA4D,0xEAAE,0x4F89,0xB5AE,0xA527
0x0146,0x2A92,0xF01D,0xE75A,0x2BD4,0x1747
0xA579,0xE284,0x5482,0x97B8,0x47FD,0xC33A
0x20B2,0x0884,0x2930,0xF952,0x2836,0xD062
0xE9F2,0xBDB6,0xE0B9,0x0C11,0x5444,0xECA8
0xED76,0x41B2,0x5C81,0xC851,0xACC4,0x94D0
0x7D5B,0x9252,0x0474,0x5F82,0xEF09,0x5BF6
0xDDD1,0x4814,0xAC52,0x3982,0x95C5,0x95D0
0xC48A,0xE4B2,0xBD9C,0x6DF4,0x2038,0xD068
0x7109,0xB70B,0x18A6,0x426E,0xC602,0x5AC8
0x38E8,0x47DD,0xC18E,0x32C4,0x7F35,0xF34A
0x2678,0x5C90,0xD300,0x2D12,0x7AE8,0xFE12
0x6C76,0x17BD,0xDD00,0xE274,0x7BCB,0x3F74
0xEF5C,0x9907,0x9AED,0x6844,0x765B,0xF2A9
0x3DD9,0x33A2,0xCCBA,0xDE73,0x0E7B,0x12C9
0x6121,0xA870,0x189E,0x4186,0xC951,0x5918
0xEF01,0x992F,0x9A30,0x686C,0x762E,0xF25C
0x0C2D,0x4E92,0xF5FF,0x0B3E,0x42BF,0xFEC1
0x9E3C,0x5CAF,0x6B7C,0x2D29,0xC293,0x4655
0xDB8B,0xA792,0xA682,0x52D7,0x7C19,0xF455
0x2DB3,0xDE0B,0x243C,0xBB07,0xF3B8,0x9F3B
0x483E,0x7402,0x39AC,0x1DB4,0x3C3C,0x2418
0x7D7B,0x2FAD,0x0454,0xDA5C,0x52D6,0xDE08
0x684B,0x3699,0x1171,0xC371,0x5ED2,0xD200
0xF73B,0x78D3,0x821E,0x31C9,0x8FE8,0xB3D7
0xC406,0x3092,0xB518,0xF940,0xF494,0x4C58
0x818A,0x521B,0x78D9,0x2F7B,0xD391,0x57A2
0xA893,0xEBCF,0x61D9,0x967E,0x435C,0xF7A7
0xDA3E,0xE952,0xA73E,0xA0D9,0x336C,0x07E7
0x2349,0xD9CC,0xD634,0xA84B,0xFA85,0x7E7F
0xA824,0x87A1,0x5952,0x72F8,0x2F85,0x2BAA
0x3207,0x0713,0x8F0F,0x32F6,0x3514,0xBDF9
0x3D16,0xC83A,0x0CB1,0xB120,0xF52C,0xBD91
0x590A,0xC12D,0x2081,0xB032,0x9827,0x90B3
0xF98E,0x29B4,0x88AD,0xD843,0xD03A,0x50EE
0x8DA9,0x8054,0x7CFA,0x718A,0x0DFD,0x0D70
0x5B16,0x0680,0x1697,0xF358,0x5D96,0xE5CF
0x5C80,0x11BA,0x2D02,0xE879,0x4D3A,0xC57B
0x273B,0x975D,0xD2CE,0x6294,0xB066,0xB05A
0xE8C9,0x6145,0x917F,0x107A,0x898C,0x8105
0xCBCF,0xFCC2,0xB65E,0x957C,0x370D,0x2322
0xC298,0x5791,0xB784,0x2218,0x9509,0x959C
0xD31D,0x43DC,0xA610,0x36C1,0x90C1,0x90D1
0x5A5B,0x0BE4,0x2753,0xFE51,0x51BF,0xD902
0xB3CD,0x5B53,0x4620,0x166A,0xE89E,0x504A
0x5842,0xE5E0,0x3158,0x945B,0xBDA2,0xA503
0x3E8E,0x44BB,0xCB6A,0x3D2D,0x7A35,0xF647
0x0BA3,0xEA3C,0xE66A,0x9F28,0xE19F,0x7942
0x6354,0xF8A0,0x1669,0x9186,0x9BF4,0x87EF
0xFB55,0x6943,0x8ED0,0x0068,0x9216,0x8EB8
0x375E,0x690E,0xC233,0x18BD,0x5E50,0xDA8E
0xCB0D,0x9629,0xBE78,0x6361,0x5D24,0xDD19
0x46AE,0x9E5F,0x3332,0x6B9B,0xD8F1,0x58A9
0x2D93,0x9E95,0xE45C,0x6BD5,0xB306,0x8F89
0xC8FA,0xFAAA,0xB160,0x8782,0x3250,0x36E2
0xD16E,0xC50A,0xA0E5,0xBC1D,0x1464,0x1CF8
0x87DE,0x8639,0x7203,0x7361,0x01E7,0x0162
0x46D3,0xB8E7,0xF3F7,0x4905,0xFE34,0xBAF2
0x503B,0x3A54,0x29B9,0xCF10,0x6A6F,0xE6A9
0x69C1,0x3AD9,0xE0F6,0xCF9D,0x5318,0x2F6B
0xF97F,0xE468,0x88DC,0x95D2,0x1D17,0x1D0E
0x7D64,0xBF1D,0x1447,0x4A7C,0xC279,0x5E3B
0x3591,0xCDEC,0xC47A,0xB47F,0xF87D,0x7005
0xF1DB,0x024C,0x8878,0xF710,0xF397,0x7F68
0xC796,0xEC0A,0x72CB,0x9534,0x2B9C,0xE7FF
0x3E9F,0xAE88,0xCB7B,0x5BF8,0x9017,0x9083
0x9FB7,0x5B58,0x2A32,0x2EBD,0xC4EF,0x048F
0xB6AC,0x9A45,0x43C4,0x6FE1,0x2CE9,0x2C25
0x2075,0x87A0,0xD10B,0x72F9,0xA7D5,0xA3F2
0xFCD5,0x406D,0x7577,0x3173,0xBCB8,0x4404
0xD6B7,0xCB76,0xE37B,0xA6E7,0x1DC1,0x459C
0xC038,0x5A3F,0xA926,0x27BF,0x9A07,0x8E99
0xE39A,0x6714,0x9E8B,0x12AD,0x848E,0x8C26
0x45B9,0x4196,0x3422,0xF04D,0x042F,0xC46F
0xA5ED,0xD959,0x6C16,0xA0DE,0x7CB4,0xCCC8
0x3174,0x8691,0xC01B,0x73C9,0xB7E5,0xB3D2
0x88C8,0x2534,0x711E,0xDCCF,0xADFC,0xADD1
0xA6D0,0xFC7E,0x5328,0x8DD8,0x5AAE,0xDEF0
0xED47,0xF58A,0x9CF0,0x8CAD,0x18CD,0x105D
0x804F,0x6378,0x7195,0x1645,0xE337,0x67D0
0xD7F6,0x4096,0x623B,0xF14C,0x9760,0x9377
0xEB0E,0xCD9D,0x963F,0xB48E,0x2693,0x22B1
0xE8D7,0x21C4,0xD9A5,0xD0BB,0xC913,0x091E
0x26E7,0x15E2,0xD39B,0xFCB5,0x3305,0x2F2E
0x61A0,0xA80C,0x181F,0x597A,0xC9AC,0x4165
0xC32F,0x69C6,0xCE16,0x18F5,0xAAE9,0xD6E3
0x4F30,0x55E7,0x3AA1,0x24E8,0x1AD7,0x1E49
0x2D9B,0x85E9,0xD464,0x7432,0xA872,0xA056
0xF8D8,0x8B6C,0x817E,0x7E59,0x73B4,0xFF27
0x534A,0xE1EF,0x2EAB,0x9054,0xB2A5,0xBEFF
0xA66D,0x8DC9,0x5395,0x7C1A,0x2BA4,0x2F8F
0x11BC,0x05DD,0xE073,0xEC86,0x1461,0x0CF5
0xBFA3,0x4853,0x5ADE,0x0179,0xF7F0,0x5BA7
0x413F,0xBA4A,0x30A4,0x47A2,0xFB75,0x7706
0x3865,0x9675,0xC903,0x63BD,0xAE10,0xAABE
0x8141,0xBDFF,0x789E,0x4C18,0x3CBE,0x3486
0x5291,0x934E,0x271D,0x7E67,0xC1DF,0x597A
0xAEEA,0x71EB,0x6B16,0x08C8,0xDF01,0x63DE
0xA9E5,0xA967,0x5812,0x5894,0x0082,0x0086
0x0FE5,0x35FB,0xFAB4,0xCC9C,0x3A1E,0x3628
0xC3E6,0xCA7F,0x7EDF,0xB7EF,0x0999,0xC930
0xD41D,0x787F,0x9D17,0x095D,0xAC62,0x944A
0xC74F,0xFDD6,0xB2D2,0xCCB1,0x3A99,0x7E63
0x32A5,0x9A6C,0xC749,0x6FC8,0xA8C9,0xA881
0xA157,0x2724,0x106C,0xD2DD,0x8673,0xC2B1
0x23DD,0xB75D,0xD6A0,0x42B4,0x9480,0x9414
0x06FC,0x0D79,0xF3A4,0xFC2A,0x0B85,0x0F8E
0x36B0,0x8D01,0xC358,0x7C52,0xBBB1,0xBF0A
0xB460,0x0FDD,0x458A,0xFA8C,0xBBBD,0xBF06
0xC60E,0xE00D,0xB312,0x9133,0x2603,0x2221
0x7FE7,0xEA19,0x0AC2,0x9F0D,0x95FE,0x95CF
0xADF2,0x28B4,0x24FD,0xD942,0x8546,0xFDBF
0x7C9B,0x993E,0x0535,0x687D,0xE5A5,0x6D48
0xA04C,0x6987,0x51B2,0x1834,0xC9CB,0x4986
0x11A1,0xAEBB,0xE86E,0x4BC7,0xBF1A,0xA3A9
0xDE41,0xB3D3,0xABC1,0x7EE2,0x6D92,0xD523
0x2B45,0xB116,0xDE10,0x803D,0x9A53,0x5E2D
0xC074,0xB3C5,0xB1EA,0x4628,0x73B1,0xF7C2
0x824B,0x903D,0x7F7B,0x6173,0x1276,0x1E08
0x0C7C,0xFFAA,0xF52E,0x9A87,0xF3D6,0x6FA9
0x67FF,0xF525,0x12C2,0x8C0E,0x92DA,0x9ECC
0xBB86,0xAE5A,0x96A7,0x4BA6,0x15DC,0xDD01
0x4391,0x92E8,0x360C,0x6724,0xD179,0x5128
0xF4F6,0x98A0,0x4518,0x71E6,0x6C56,0x34FE
0x5549,0x8E93,0x2442,0x4BFF,0xDBDA,0x6FBD
0xD973,0xAAEF,0xD008,0x571F,0x739C,0x8717
0xBA7A,0x1E55,0x4792,0xEB15,0xA42F,0xAC87
0x0ECB,0xFB48,0xCB97,0x8ECD,0xF583,0x455A
0x5FB9,0x156A,0x2A38,0xEC2D,0x4AD3,0xC615
0x96D6,0x4037,0x23DA,0x716D,0xD6E1,0x52B7
0xF9F2,0xEB5B,0xF0A9,0x96E2,0x12A9,0x664B
0x1AED,0x8F51,0xEFC9,0x7A80,0x95BC,0x9549
0x8B18,0x414A,0x7EAD,0x3859,0xCA52,0x46F4
0xF808,0xA3E2,0x812E,0x4E23,0x5BEA,0xCF0D
0xBEC1,0x800E,0x4B21,0x7154,0x3ECF,0x3A75
0x8746,0xFB62,0x729B,0x96DB,0x7C24,0xE440
0xD381,0x9A91,0xA68C,0x6FB5,0x4910,0xC939
0x4B36,0x2F9A,0x26A7,0xCA67,0x64AC,0xECC0
0x0C5F,0x11D4,0xFD09,0xE09B,0x1D8B,0x1D92
0xC162,0x4051,0xA8E1,0x394F,0x8133,0x91AE
0x2D0C,0x7EC5,0xD4FF,0x0BE5,0x53C9,0xDF1A
0x30A5,0x0A90,0xC14B,0xFFA4,0x3A35,0x3EEF
0x46B6,0x0F8B,0x73EA,0xCA56,0x493D,0xB9BC
0xE948,0x5BB0,0x90FF,0x2ED5,0xB2F8,0xBE2A
0x3D0B,0x81CB,0xC4E4,0x7818,0xBCC0,0xBCFC
0x91BB,0x9574,0x68F8,0x6CBF,0x04CF,0x0447
0xD190,0x07F2,0xA89F,0xB257,0xD662,0x1AC8
0x2261,0xB863,0xD71D,0x5199,0x9A02,0x8684
0x3F77,0x7701,0x0A52,0x02A8,0x4876,0x08FA
0x5A46,0xF8BD,0x7786,0x899B,0xA2FB,0xFE1D
0xF1E1,0x904E,0x884E,0x6184,0x61AF,0xE9CA
0x766D,0xD47D,0x0345,0x5DF7,0xA210,0x5EB2
0x1D6B,0x0252,0xE424,0xCF12,0x1F39,0x2B36
0x2BE8,0x133C,0xDEBD,0xE6F1,0x38D4,0x384C
0xAB57,0x49FC,0x46A6,0x38EB,0xE2AB,0x7E4D
0xEB4C,0x00A2,0x9ED9,0xE960,0xEBEE,0x77B9
0xD8A9,0xB1B9,0xA1AF,0x78D6,0x6910,0xD979
0x361B,0x6629,0xC3FF,0x1391,0x5032,0xD06E
0xE150,0x98F0,0x98EF,0x1136,0x79A0,0x89D9
0x29BB,0xFB36,0xD040,0xB617,0xD28D,0x6657
0x052C,0xC9D4,0x0CF7,0xB843,0xCCF8,0xB4B4
0x50D5,0x62D9,0x21DB,0x17E5,0x320C,0x363E
0x086E,0x99D1,0xF93C,0x5016,0x91BF,0xA92A
0x6936,0xF8BB,0x5845,0x8191,0x918D,0xD9D4
0x89FC,0x42BB,0x782B,0x3F4B,0xCB47,0x4760
0x96D3,0x344C,0x4327,0xDD26,0xA29F,0x9E01
0x47DC,0x3BEC,0x32C5,0xCEA9,0x7C30,0xFC6C
0xBAE5,0xDE7C,0x4F21,0xABFC,0x6499,0xE4DD
0xA9B1,0x1EC7,0x40C6,0xEB83,0xB776,0xAB45
0xCEC3,0x11B5,0xAB4F,0xE07A,0xDF76,0x4B35
0x9497,0x195A,0xA599,0xE011,0x8DCD,0x4588
0xADCE,0xDF53,0x5C39,0x9AEE,0x729D,0xC6D7
0xBA4F,0xEF9D,0x47AF,0x9AAC,0x55D2,0xDD03
0x9F4F,0x5F76,0x6A8A,0xEA33,0xC039,0x80B9
0x8B94,0xCC37,0x7E21,0xFDE1,0x47A3,0x83C0
0x5E67,0x01AD,0x2B63,0xF072,0x5FCA,0xDB11
0x1E51,0xC654,0xEB11,0xB3CC,0xD805,0x58DD
0xF1D1,0x7D0E,0x887E,0x0CA9,0x8CDF,0x84D7
0x1B02,0xE058,0xF6DB,0x89E6,0xFB5A,0x7F3D
0xA90E,0x07AA,0x587D,0xF27F,0xAEA4,0xAA02
0xEA15,0x0C3F,0x9F01,0xFDE9,0xE62A,0x62E8
0xAC55,0x2C69,0x45A7,0xDD1B,0x803C,0x98BC
0x82EF,0xCA7E,0x0F17,0xB7EE,0x4891,0xB8F9
0xB89A,0x2A06,0x41F0,0xE7B6,0x929C,0xA646
0xBFBF,0x0A08,0x4ADA,0xFF3C,0xB5B7,0xB5E6
0xEB61,0x0308,0x9EF4,0xF6D5,0xE869,0x6821
0x8A44,0x3E31,0x7F70,0xCBD1,0xB475,0xB4A1
0xDF75,0xA467,0xAAF4,0x5599,0x7B12,0xFF6D
0x5348,0xFEC6,0x2645,0x8B62,0xAD8E,0xAD27
0x1363,0xF9E5,0xFED2,0x8842,0xEA86,0x7690
0xFDCB,0x97EF,0x8464,0x6222,0x6A24,0xE646
0xABBB,0x91CF,0x56C2,0x6004,0x3A74,0x36C6
0xFCD5,0x7397,0x7577,0x0E1E,0x8F42,0x7B69
0x6760,0x142E,0x1259,0xE5E0,0x734E,0xF7B9
0x8821,0x350D,0x8177,0xDCE6,0xBD2C,0x5D91
0xBF20,0xF6C7,0x4A41,0x836B,0x49E7,0xC92A
0x8FEC,0xE144,0x7A3D,0x90FB,0x6EA8,0xEAC6
0xE957,0x8E09,0xD824,0x7B59,0x675E,0xA37D
0xD59E,0x84EB,0xA491,0x7D3D,0x5175,0xD9AC
0xB000,0xCB33,0x496E,0x465A,0x7B33,0x0F34
0xC525,0x40FE,0xBC3E,0x31E4,0x85DB,0x8DDA
0x9A16,0xEEFE,0x5756,0x9B4A,0x74E8,0xCC1C
0xF349,0xAE49,0x86E4,0x5BB9,0x5D00,0xDD5D
0xC02F,0xBE15,0xB135,0x4B75,0x7E3A,0xFA40
0xA768,0x5438,0x5291,0x25B2,0xF350,0x7723
0x6AD0,0x8798,0x1FC4,0x72C1,0xED48,0x6D05
0x6F28,0xDED0,0x1A99,0xAB50,0xB1F8,0xB1C9
0xF63B,0x8E51,0x831F,0x7B81,0x786A,0xF89E
0x30A7,0x6C80,0xC14D,0x1D32,0x5C27,0xDC7F
0x33A1,0x1898,0xC64C,0xE15E,0x2B39,0x2712
0x9FB4,0xB403,0x6AF5,0x5D75,0x2BB7,0x3780
0x689E,0x928C,0x192C,0x67C0,0xFA12,0x7EEC
0xF674,0x1519,0x83DC,0xE4D2,0xE36D,0x670E
0x5849,0xE83C,0x214F,0x990A,0xB075,0xB845
0x8028,0x7D1E,0x8976,0x0CB9,0xFD36,0x85CF
0x9FE8,0xE773,0x6A29,0x9236,0x789B,0xF81F
0x0B7F,0x9C2E,0xF62E,0x6D68,0x9751,0x9B46
0x85FB,0x25BF,0x7C2C,0xD440,0xA044,0xA86C
0x9D5D,0x192C,0x649E,0xE8EB,0x8471,0x8C75
0x3CB8,0xF00D,0xCD5A,0x8123,0xCCB5,0x4C79
0xFE8F,0x26C9,0x8BAB,0xD3B1,0xD846,0x581A
0x9D88,0x836F,0x6CCB,0x0E96,0x1EE7,0x625D
0xD835,0x862A,0xA933,0x737E,0x5E1F,0xDA4D
0x5A71,0xCA3A,0x2F95,0xB722,0x904B,0x98B7
0x3788,0x5511,0xC261,0x249A,0x6299,0xE6FB
0xD79B,0xDD28,0xA29E,0xAC2B,0x0AB3,0x0EB5
0x13EE,0x080D,0xFE47,0xF9DB,0x1BE3,0x079C
0x9E52,0xDC92,0x5BAE,0x95AC,0x42C0,0xCE02
0x0A67,0x2448,0x4777,0xD532,0x2E2F,0x9245
0x0B83,0xEB81,0xE64A,0x9E94,0xE002,0x78DE
0xDD1F,0x80D0,0xAC18,0x790E,0x5DCF,0xD516
0x7027,0x14F6,0x018D,0x25F8,0x64D1,0x2475
0x86AE,0x93F5,0x73F2,0x6638,0x155B,0x15CA
0xC8C6,0xC1BF,0xB954,0xB0A4,0x0979,0x09F0
0xB248,0xD85A,0x47A4,0xA1D0,0x6A12,0xE674
0x6E66,0x88F5,0x1B52,0x7923,0xE693,0x6271
0xCF5E,0xCABC,0xBACB,0xBFC8,0x05E2,0x0503
0x70D9,0x2097,0xF9F7,0x112D,0x504E,0xE8DA
0x7722,0x5548,0x2297,0x2443,0x226A,0x06D4
0xE7B7,0xA063,0xD24A,0x4981,0x47D4,0x9BCB
0xD5E8,0x048C,0xA463,0xCD56,0xD164,0x6935
0x96F4,0x9E56,0x633C,0x2B52,0x08A2,0x486E
0x8F79,0x6963,0x7AA8,0x0048,0xE61A,0x7AE0
0x04CE,0x5965,0xF590,0x2862,0x5DAB,0xDDF2
0x20BD,0x33FA,0xD143,0xCEBB,0x1347,0x1FF8
0x8F18,0xFEBB,0x7A49,0xBB97,0x71A3,0xC1DE
0x5EB3,0x1339,0xDB4F,0xE6F4,0x4D8A,0x3DBB
0xC6C6,0x5BD1,0xB35A,0x2E34,0x9D17,0x9D6E
0xD46A,0xCB54,0xADEC,0xBEA1,0x1F3E,0x134D
0x4D2F,0xED90,0x3CB8,0x9CA3,0xA0BF,0xA01B
0x0A15,0x816B,0xFF21,0x78B8,0x8B7E,0x8799
0x8801,0xE48C,0x4157,0xEDB6,0x6C8D,0xACE1
0x70A6,0xB04B,0x010C,0x49A9,0xC0ED,0x48A5
0xFBE4,0xE7A7,0x8E61,0x929A,0x1C43,0x1CFB
0x18CC,0xA940,0xE98A,0x20B7,0xB18C,0xC93D
0xF71D,0x74D3,0x8234,0x3DC5,0x83CE,0xBFF1
0xCA61,0xFE83,0xBF95,0x9BBF,0x34E2,0x242A
0xC747,0x2EC5,0xB2DA,0xDBB5,0xE982,0x696F
0x0E8E,0xF89A,0xFB5A,0x81B0,0xF614,0x7AEA
0x18A3,0x805E,0xF179,0x7184,0x98FD,0x80FD
0x5724,0x0916,0x22AD,0x3885,0x5E32,0x1A28
0x22E3,0x4618,0xCFA3,0x3380,0x64FB,0xFC23
0x414E,0x27EA,0x3055,0xD29F,0x66A4,0xE2CA
0x923E,0x51D5,0x9F56,0x20DA,0xC3EB,0xBF8C
0x5002,0x4BF8,0x3990,0x3E8D,0x1BFA,0x071D
0x1EE0,0x3527,0xEBA0,0xC4C8,0x2BC7,0x2F68
0xB442,0x917B,0x5DB4,0x68B8,0x2539,0x350C
0xB569,0xA802,0x4482,0x4168,0x1D6B,0x05EA
0xD8E4,0xB5CE,0xA962,0x4421,0x6D2A,0xED43
0x298F,0xF4B7,0xD87C,0xC559,0xDD38,0x1D25
0x8AC0,0xBAAC,0x7FF4,0x4FE8,0x306C,0x301C
0x4F62,0x6526,0x2A6F,0x1499,0x2A44,0x3EF6
0xF0D5,0x0F62,0x817B,0xEA2F,0xFFB7,0x6B54
0x7701,0x387E,0x02A8,0xC91C,0x4F7F,0xCBB4
0xECA8,0xDE09,0x9D9A,0xAB09,0x32A1,0x3693
0x8B2D,0xB729,0x7E98,0x4240,0x3C04,0x3CD8
0x949A,0xECFE,0x6DDC,0x9D48,0x7864,0xF094
0xD563,0x0189,0xBCF4,0xC856,0xD4EA,0x74A2
0x0754,0x43E2,0xF20D,0x2E03,0x44B6,0xDC0E
0x3808,0x1E27,0xC1EE,0xEBE3,0x262F,0x2A0D
0x65F7,0xACE8,0xD488,0x5D1A,0xC91F,0x8992
0x9E64,0x0952,0x6BA4,0xC039,0x9736,0xAB9D
0xF74C,0xD488,0x82E5,0xA582,0x23C4,0x2767
0x2C10,0x0A0F,0xDDE2,0xF7DF,0x261F,0x2A3D
0x264D,0x4C9D,0xD335,0x350F,0x6AD0,0xE63A
0x8596,0x3247,0xB489,0x0F4F,0xB7D1,0xBBC6
0xB155,0xEE2C,0x40BA,0x9B1C,0x5F79,0xDBA6
0xBF17,0x0138,0x8A32,0xE8E7,0xBE2F,0x62D5
0xBAE1,0x7292,0x4F25,0x3F62,0xC873,0x7047
0x44CF,0xB4EB,0x35D1,0x4D0D,0xF024,0x78DC
0x8AE1,0xDEBA,0x7FD5,0xDBB6,0x545B,0xA463
0xC64E,0xCEE3,0xB3D2,0xAB6F,0x08AD,0x18BD
0x6098,0xDDCB,0x0926,0xA444,0xBD53,0xAD62
0xBF53,0xBE08,0x7A8E,0x4B68,0x015B,0x31E6
0x3111,0xC6FC,0xC8FE,0xB364,0xF7ED,0x7B9A
0xF3AD,0xF2C1,0x8680,0x876D,0x016C,0x01ED
0x82B8,0x9BD1,0x77E4,0x6E74,0x1969,0x1990
0x0DAC,0xAFE1,0xF47F,0x5A10,0xA24D,0xAE6F
0x3208,0x56FD,0xC7E4,0x23F5,0x64F5,0xE411
0xB504,0xEEB8,0x4C6F,0x9B88,0x5BBC,0xD7E7
0x7EE1,0xCE2E,0x0BC1,0xBB3A,0xB0CF,0xB0FB
0x23A9,0x9091,0xD654,0x69DF,0xB338,0xBF8B
0xB17A,0xD9D8,0x4899,0xA05F,0x68A2,0xE8C6
0xBA4E,0x4AEC,0x47AE,0x3F98,0xF0A2,0x7836
0x91E3,0x5504,0x7830,0x2C8F,0xC4E7,0x54BF
0x2AF3,0xC8CE,0xA77B,0xB95C,0xE23D,0x1E27
0xFFE7,0xC8AF,0x8A42,0xB9BD,0x3748,0x33FF
0x9D42,0xB213,0x749D,0x7FA3,0x2F51,0x0B3E
0x1252,0x86CA,0xDF02,0x731E,0x9498,0xAC1C
0x6D5E,0x3CD9,0x1C69,0xCDBB,0x5187,0xD1D2
0x19EA,0x6A34,0xE0A1,0x1FA0,0x73DE,0xFF01
0xD237,0x7649,0xAFDF,0x0361,0xA47E,0xACBE
0x9326,0x4CC5,0x2ECF,0x05D7,0xDFE3,0x2B18
0x1D2E,0xE527,0xECE9,0x9418,0xF809,0x78F1
0x817B,0xFD60,0x78A8,0x8CC3,0x7C1B,0xF46B
0x1377,0xECF8,0xEE5E,0x9D4A,0xFF8F,0x7314
0x2A1D,0xEC25,0xDFC9,0xA517,0xC638,0x7ADE
0x9FFC,0xBD82,0x6A3D,0x54FD,0x227E,0x3EC0
0xE154,0xF72B,0x90EB,0x820E,0x167F,0x12E5
0xEEA6,0x66B6,0x9B92,0x53CA,0x8810,0xC858
0xF7F3,0x211D,0xE2A6,0xD0E2,0xD6EE,0x3244
0x180E,0x7A8D,0xE9CC,0x0F09,0x6283,0xE6C5
0xBA98,0x4B5D,0x4FDC,0x3E28,0xF1C5,0x71F4
0x8C22,0x43AF,0x656C,0x4E16,0xCF8D,0x2B7A
0xD8F3,0x1703,0xD189,0xC2D6,0xCFF0,0x135F
0x6FC7,0x7016,0x1AF2,0xC1FC,0x1FD1,0xDB0E
0xD7FE,0x3663,0xA273,0xE317,0xE19D,0x4164
0xCBE8,0x09F9,0xBE1D,0xF0AE,0xC211,0x4EB3
0x226C,0xAA59,0xD710,0x5F8D,0x8835,0x889D
0x5C04,0x0998,0x3586,0xF04F,0x559C,0xC5C9
0xAD54,0x5BE9,0x44A7,0x2E0C,0xF6BD,0x6AAB
0x6081,0x83CF,0x193F,0x4E36,0xE34E,0x5709
0x74FF,0x1004,0x05D1,0xE1CA,0x64FB,0xE41B
0x0E8D,0xD2B0,0xFB5D,0xA7BC,0xDC3D,0x5CE1
0x02DA,0x932D,0xFF6A,0x6660,0x91F7,0x990A
0xC787,0xE385,0xB29A,0x96B8,0x2402,0x2422
0xE083,0x7255,0x89A1,0x0779,0x92D6,0x8ED8
0x6F5C,0x0FAC,0x1A6D,0xFA7D,0x60F0,0xE010
0xA41A,0x707A,0x5D6C,0x0958,0xD460,0x5434
0x1D6B,0x9125,0xE424,0x606A,0x8C4E,0x844E
0x876F,0x1DE4,0x72B2,0xF4A7,0x9A8B,0x8615
0xA46A,0x168A,0x5D9C,0xE34E,0xB2E0,0xBED2
0x8CBF,0x7880,0x7DE9,0x1126,0xF43F,0x6CCF
0x421D,0x53CF,0x3781,0x3EA6,0x11D2,0x0927
0xF21A,0x7374,0x8F1A,0x0659,0x816E,0x8943
0xF9D4,0x9784,0x8873,0x62CD,0x6E50,0xEABE
0x7A7D,0x5FFA,0x0F79,0xDAF7,0x2587,0xD58E
0xC361,0x92E6,0xB6FC,0xAF0E,0x5187,0x19F2
0xDEF1,0x54A6,0xAB71,0x2528,0x8A57,0x8E59
0x7E9D,0xDF6B,0x0B3D,0xBAE6,0xA1F6,0xB1DB
0x2E95,0xA382,0xDB65,0x4EC3,0x8D17,0x95A6
0xBE11,0xCAC1,0x4B71,0xBF35,0x74D0,0xF444
0x7F63,0xA41B,0x1A5E,0x5D6D,0xDB78,0x4733
0xF5C0,0xF12D,0x846B,0x8002,0x04ED,0x0469
0xB892,0x0E3F,0x71C8,0xFBEB,0xB6AD,0x8A23
0xFC22,0x542A,0x951C,0x2DAC,0xA808,0xB8B0
0x40B7,0x5A65,0x71ED,0x2F81,0x1AD2,0x5E6C
0xDF2A,0xC80D,0xBA27,0xB91B,0x1727,0x033C
0xE801,0xDEB3,0xE137,0x5BCF,0x36B2,0xBAF8
0x1E17,0x831B,0x2B93,0x7EAA,0x9D0C,0x5539
0x8CBA,0xB258,0x75E4,0x47B4,0x3EE2,0x3250
0x5E50,0xA34B,0x2B50,0x5E9A,0xFD1B,0x75CA
0xE326,0x81B4,0xDEFF,0x70EB,0x6292,0xAE14
0x68F4,0xB3D1,0x19C2,0x463C,0xDB25,0x5FFE
0x650D,0xA62C,0x6CB6,0x5354,0xC321,0x3FE2
0xBB67,0x16D7,0x96C6,0xA35B,0xADB0,0x359D
0x13A5,0xCFC2,0xE668,0xAA4F,0xDC67,0x4C27
0xFD47,0x62D6,0x8CE0,0x1FCE,0x9F91,0x932E
0xE568,0xBC08,0x94D3,0x4D6A,0x5960,0xD9B9
0xD0BC,0xE975,0xA1B2,0x98C2,0x39C9,0x3970
0xF613,0x3D2F,0xA307,0xCCC8,0xCB3C,0x6FCF
0xB0B7,0xF671,0x011D,0x83D9,0x46C6,0x82C4
0x8578,0x30F4,0x74A3,0xC19A,0xB58C,0xB539
0x41A9,0xB07C,0x4836,0x4192,0xF1D5,0x09A4
0xBA4A,0x42A2,0x47A2,0x2FC2,0xF8E8,0x6860
0x855B,0x0A1E,0x7C8C,0xF7CE,0x8F45,0x8B42
0x1C54,0x7022,0xD516,0x1990,0x6C76,0xCC86
0x8DC5,0xB5E9,0x4416,0x4402,0x382C,0x0014
0x94DC,0x3834,0x5D16,0xC9D2,0xACE8,0x94C4
0x9F93,0x62C7,0x5AEE,0x5F1F,0xFD54,0x05F1
0x2FB8,0x66CC,0xDA49,0x13F4,0x4974,0xC9BD
0x3877,0x5E84,0x0955,0x2B04,0x66F3,0x2251
0x4D95,0xDE5F,0x2406,0xABDB,0x93CA,0x8FDD
0x3E77,0x512B,0x0B53,0x28A8,0x6F5C,0x23FB
0x0572,0x6B9A,0x8CD5,0x1623,0x6EE8,0x9AF6
0xDC6A,0x6545,0xA5E4,0x1C7E,0xB92F,0xB99A
0x1D9C,0x8C83,0xE45F,0x65CD,0x911F,0x8192
0x58EE,0x6450,0x29EC,0x156A,0x3CBE,0x3C86
0xBED5,0x6E15,0x4B35,0x1BA5,0xD0C0,0x5090
0x2D3A,0xDB9F,0xD4C5,0xA69E,0xF6A5,0x725B
0xEDBC,0xF0DA,0x948F,0x8978,0x1D66,0x1DF7
0x429F,0x26F3,0x2FE7,0x5377,0x646C,0x7C90
0xCA39,0x229A,0xBF4D,0xDF4A,0xE8A3,0x6007
0xF738,0x6400,0x8211,0x15BA,0x9338,0x97AB
0xEA9F,0x6170,0x97AF,0x184F,0x8BEF,0x8FE0
0x6207,0x6D45,0xDFDF,0xE476,0x0F42,0x3BA9
0x6D28,0x7147,0x1C9B,0x006C,0x1C6F,0x1CF7
0x4D55,0xB354,0x2446,0x46B9,0xFE01,0x62FF
0xE13B,0x42AF,0x9808,0x4F17,0xA394,0xD71F
0x23A7,0x0CE4,0x9EBE,0x85B6,0x2F43,0x1B08
0x9E82,0x2AD2,0x7BDE,0xE79A,0xB450,0x9C44
0x316C,0x06BC,0xC003,0xF364,0x37D0,0x3367
0x201C,0xE862,0xD1E2,0x81C8,0xC87E,0x502A
0xF082,0xD720,0x99B0,0xA229,0x27A2,0x3B99
0xF8CC,0xD35E,0x896A,0x9EF7,0x2B92,0x179D
0x04CE,0xDCF9,0xF590,0xAD7B,0xD837,0x58EB
0x7DEB,0xE873,0x04C4,0xE139,0x9598,0xE5FD
0x7DA6,0xA336,0x0C01,0x5E6F,0xDE90,0x526E
0x6AE0,0x46F0,0x1FF4,0x33E8,0x2C10,0x2C1C
0x67BF,0xE527,0x1202,0x9418,0x8298,0x861A
0x1198,0xB474,0xD857,0x4D9E,0xA5EC,0x95C9
0xA0D5,0x1B74,0x512B,0xEE51,0xBBA1,0xBF7A
0x6B6F,0x57E5,0x165E,0x22EC,0x3C8A,0x34B2
0x9EC1,0x133F,0x6B01,0x1ED6,0x8DFE,0x75D7
0x6334,0xFA50,0x1689,0x8FD4,0x9964,0x995D
0xCDB1,0x6D18,0xBCA2,0x1CAB,0xA0A9,0xA009
0x5D57,0x6DA5,0x6C90,0x2416,0x30F2,0x4886
0xB131,0x899C,0x485E,0x78CB,0x38AD,0x3095
0xF43C,0x8A68,0xBD16,0x7F5C,0x7E54,0xC24A
0xA6B1,0x4C48,0x53C9,0x3D5A,0xEAF9,0x6E93
0x2FE4,0x1188,0xDA95,0xF847,0x3E6C,0x22D2
0xE095,0x1CD8,0x91AB,0xED9A,0xFC4D,0x7C31
0x7667,0x9423,0x034B,0x7D75,0xE244,0x7E3E
0x61AD,0x3105,0x1012,0xC0EA,0x50A8,0xD0F8
0xCF3B,0xE698,0xAA26,0x93A0,0x29A3,0x3986
0x3A7F,0x7C48,0xC71F,0x0D6A,0x4637,0xCA75
0x563A,0xA33B,0x23BE,0x5E6A,0xF501,0x7DD4
0x23AB,0x8DE2,0xDE7A,0x642D,0xAE49,0xBA57
0x0BB9,0xB180,0xFE8C,0x48EF,0xBA39,0xB663
0xEF55,0x2B57,0x9AE4,0xC626,0xC402,0x5CC2
0xA464,0xA78F,0x5D9E,0x52F2,0x03EB,0x0F6C
0x7A3E,0x6FDB,0x079E,0x0AE6,0x15E5,0x0D78
0xB3BE,0x0B9E,0x7E37,0xF64F,0xB820,0x8878
0x6A0C,0x0FEA,0x1F98,0x8AB7,0x65E6,0x952F
0x9B97,0x0BD9,0x56D6,0xFE6C,0x904E,0xA8BA
0x1CB4,0x4457,0x1576,0x7589,0x58E3,0x60FF
0x2A2D,0x005E,0xDFF9,0xF104,0x2A73,0x2EFD
0x3D05,0x859E,0xD4E6,0x74C1,0xB89B,0xA027
0x3CCC,0xCC8E,0xC5AE,0xBD98,0xF042,0x7836
0x5A05,0xF5E1,0x2F61,0x844A,0xAFE4,0xAB2B
0xB61D,0x2339,0x4375,0xD6C4,0x9524,0x95B1
0x0B2C,0x98A2,0xFE19,0x71F8,0x938E,0x8FE1
0xF568,0xB669,0x84C3,0x4381,0x4301,0xC742
0x29FC,0x4CFB,0xD88B,0x35E5,0x6507,0xED6E
0x7AE4,0xE481,0x0FE0,0x95BB,0x9E65,0x9A5B
0x62D5,0xA227,0x17E9,0x1FBF,0xC0F2,0x0856
0xEF80,0x73B5,0x9AB1,0x0618,0x9C35,0x9CA9
0x0E0D,0xB2A4,0xFBDD,0x47C8,0xBCA9,0xBC15
0x2FED,0xB8AA,0xDA9C,0x41C0,0x9747,0x9B5C
0xC7A8,0xE616,0xB2B1,0x536A,0x21BE,0xE1DB
0x408C,0xAE96,0x3112,0x9BA2,0xEE1A,0xAAB0
0xC048,0x99EC,0x89D6,0x682B,0x59A4,0xE1FD
0x95CD,0xDA34,0x7C06,0xAFD0,0x4FF9,0xD3D6
0xF6E9,0x2953,0x8341,0xE018,0xDFBA,0x6359
0x37F4,0x5D02,0xC29D,0x349D,0x6AF6,0xF600
0x4C12,0xB09C,0x05BC,0x41F2,0xFC8E,0x444E
0x78D7,0x8DF7,0x4935,0xBC60,0xF520,0xF555
0x07F7,0x15AC,0x32EA,0xFC67,0x125B,0xCE8D
0xCF3C,0x82A4,0xBA2D,0x77F8,0x4D98,0xCDD5
0x626D,0x0CEB,0x1751,0xF5B5,0x6E86,0xE2E4
0x5164,0x8FD6,0x206B,0x3AC3,0xDEB2,0x1AA8
0xF52C,0x96D6,0x9C07,0x23DA,0x63FA,0xBFDD
0xEB74,0x97CD,0x9EE1,0x6204,0x7CB9,0xFCE5
0x4B6A,0x9B3B,0x3673,0x6672,0xD051,0x5001
0x387A,0x3143,0xC110,0xD830,0x0939,0x1920
0x9145,0x9765,0x608A,0x62AC,0x0620,0x0226
0x8535,0x5523,0x7C6E,0x3CB4,0xD016,0x40DA
0x8021,0xF3AB,0x797F,0x8EAA,0x738A,0xF7D5
0x8011,0x3EC1,0x794F,0xCBA1,0xBED0,0xB2EE
0x67A6,0x854A,0x121B,0x7C9D,0xE2EC,0x6E86
0xC06F,0x3E9D,0xB1F5,0xCB7D,0xFEF2,0x7A88
0xCC55,0x516C,0xA5C7,0x2063,0x9D39,0x85A4
0x9D58,0x241C,0x6C9B,0xCDE6,0xB944,0xA17D
0x910D,0xECDE,0x6042,0x9D68,0x7DD3,0xFD2A
0x066A,0x215A,0xF33E,0xD829,0x2730,0x2B17
0x66B0,0x19F1,0x1308,0x90B6,0x7F41,0x83BE
0x6076,0xD956,0xD10C,0xE815,0xB920,0x3919
0xF543,0x9236,0x9CF4,0x6F1E,0x6775,0xF3EA
0x6B49,0xE037,0x1E5C,0xD1CD,0x8B7E,0xCF91
0x30B9,0x3FE1,0xF957,0xCA80,0x0F58,0x33D7
0xB303,0xDAA6,0x5E52,0xF766,0x69A5,0xA934
0x6C98,0x3D45,0x1D2A,0xD426,0x51DD,0xC90C
0x1DD4,0x66F3,0xD497,0x1337,0x7B27,0xC7A0
0x8532,0x065F,0x8C15,0xF303,0x836D,0x7F16
0x2E4F,0xFDB0,0xDB3B,0x8C93,0xD3FF,0x57A8
0x54D5,0x061E,0x2DDF,0xF3C2,0x52CB,0xDE1D
0xE386,0x5E16,0x5EDF,0xEBD2,0xBD90,0xB50D
0xF0A1,0xC76A,0x898F,0xB2FF,0x37CB,0x3B70
0xAFEB,0x0AFF,0x6A16,0xF7AF,0xA514,0x9DB9
0x5D01,0x7F93,0x2C82,0x3A0E,0x2292,0x168C
0x36D8,0x372E,0xC3B0,0xC2C3,0x01F6,0x0173
0xB6C7,0x2C57,0x432B,0x9DE1,0x9A90,0xDECA
0x5F72,0x8CD9,0x5A8F,0x7D0B,0xD3AB,0x2784
0xE7C9,0x1F1C,0x9270,0xEADD,0xF8D5,0x78AD
0x7016,0x2EA1,0xC1FC,0xDB51,0x5EB7,0x1AAD
0x9BD8,0xBCE4,0x6E7D,0x5506,0x273C,0x3B7B
0x7DC9,0xDFCE,0x0CEA,0xAA4B,0xA207,0xA6A1
0x6C04,0x5539,0x65B6,0x24B2,0x393D,0x4104
0x00D5,0x0D76,0xF18B,0x3C61,0x0DA3,0xCDEA
0x4BE9,0x3137,0x3E9C,0x801C,0x7ADE,0xBE80
0x20E7,0xE7DC,0xD19D,0x9265,0xC73B,0x43F8
0x8953,0x8908,0x40B8,0x705F,0x005B,0x30E7
0x26E2,0xEC06,0xD386,0x9D30,0xCAE4,0x4EB6
0x4031,0x30E7,0x39AF,0xC18D,0x70D6,0xF822
0x879E,0xD63A,0x72C3,0xA33E,0x51A4,0xD1FD
0xCBBA,0x1F1A,0xB6A3,0xDAD7,0xD4A0,0x6C74
0x58CC,0xAA2A,0x29CA,0x5752,0xF2E6,0x7E98
0x0D08,0x2788,0xFCDB,0xD271,0x2A80,0x2EAA
0xD203,0xFC6C,0xBF73,0x85CE,0x2E6F,0x3ABD
0x70CB,0xCA20,0x09E9,0xBF54,0xBAEB,0xB6BD
0xD2FF,0x020C,0x5F57,0xF7D0,0xD0F3,0xA887
0x2B69,0x4FE8,0xDE3C,0x3AF9,0x6481,0xE4C5
0xDE19,0x8F88,0xAB19,0x7AD9,0x5191,0xD1C0
0xF928,0xDB59,0x800F,0xAE3C,0x2271,0x2E33
0x5058,0xCD42,0x1956,0xA4CD,0x9D1A,0xBD9B
0x6618,0x0176,0x13A0,0x306D,0x676E,0x23CD
0x2C4E,0xB537,0xDD38,0x0498,0x9979,0xD9A0
0x7A3F,0x9BD2,0x079F,0x562B,0xE1ED,0x51B4
0xBF2A,0x2057,0x5A47,0x91ED,0x9F7D,0xCBAA
0x29B9,0x014C,0xD04E,0xF013,0x28F5,0x205D
0x6546,0xE468,0x1479,0x95D2,0x812E,0x81AB
0xC5E7,0xEC23,0xB478,0x850D,0x29C4,0x3175
0x2641,0x7762,0xD339,0x2257,0x5123,0xF16E
0x0315,0x6CD1,0xF6C8,0x1DE3,0x6FC4,0xEB2B
0x5D1C,0xBEFF,0x249F,0x4B1B,0xE3E3,0x6F84
0xB039,0x7EA6,0x7957,0x0B02,0xCE9F,0x7255
0x47A5,0xAB4F,0x323C,0x56BE,0xECEA,0x6482
0x5A7D,0x0A1D,0x2F99,0xFF29,0x5060,0xD0B0
0x48B9,0x8001,0x312F,0x795F,0xC8B8,0x4870
0x39D2,0x8984,0xF089,0x78D3,0xB056,0x885A
0xFAB9,0x9EE7,0x8FBD,0x6B23,0x645E,0xE49E
0xBF0B,0xAAB6,0x5A66,0x47C6,0x15BD,0x1DA0
0x706A,0xD8F1,0x0948,0x5177,0xA89B,0x583F
0x9C02,0xC6E5,0x755C,0xB37D,0x5AE7,0xC621
0x5978,0xC91B,0x207F,0xB000,0x9063,0x907F
0x6DFD,0x84B3,0x14CE,0x8D95,0xE94E,0x995B
0x62EC,0x44E1,0x17D0,0x35FB,0x260D,0x222B
0xFA9C,0xB79E,0x8F98,0x42F3,0x4D02,0xCD6B
0x855B,0x0565,0x7C8C,0xFC3E,0x803E,0x80B2
0xAD3D,0x28A8,0x544E,0xD15E,0x8595,0x8510
0xE603,0xE1C2,0x9327,0x8861,0x07C1,0x1B46
0x8DE7,0x24A8,0x7C30,0xD552,0xA94F,0xA962
0x0C35,0xB602,0xE5E7,0xA376,0xBA37,0x4691
0x06D9,0x9D5B,0xF381,0x6494,0x9B82,0x9715
0x93D2,0x3C66,0x5E03,0xCD00,0xAFB4,0x9303
0x6585,0x4078,0x1C3E,0x2966,0x25FD,0x3558
0x385B,0x57B6,0xC131,0x62FB,0x6FED,0xA3CA
0x9416,0x19F2,0xA518,0x9049,0x8DE4,0x3551
0xE533,0xE490,0x6C74,0x95AA,0x01A3,0xF9DE
0x3640,0x5917,0xC328,0xE8D4,0x6F57,0x2BFC
0x15E1,0xA753,0xE4AA,0x5296,0xB2B2,0xB63C
0x0DCD,0x8C33,0xF49E,0x851D,0x81FE,0x7183
0x82C8,0x1B5A,0x7714,0xE613,0x9992,0x9107
0x1653,0xC53B,0xC327,0xBC2C,0xD368,0x7F0B
0x4807,0xB736,0x3995,0x029B,0xFF31,0x3B0E
0xF100,0xD0BE,0x882F,0xA1B4,0x21BE,0x299B
0x07A9,0xA68D,0xF270,0x53F5,0xA124,0xA185
0xC75E,0x02B2,0xB2C3,0x0F32,0xC5EC,0xBDF1
0x507A,0x4F9B,0x2978,0x2A06,0x1FE1,0x037E
0x8E90,0xB2D7,0x7BC0,0x4F1F,0x3C47,0x34DF
0xE436,0xCD61,0xD5C8,0xBCF2,0x2957,0x693A
0x3A9C,0x8CA2,0xCF58,0x65EC,0xB63E,0xAAB4
0xB85C,0x5568,0x49BA,0x2463,0xED34,0x6DD9
0x09A0,0x24D0,0x0077,0xD5AA,0x2D70,0xD5DD
0x5F91,0x49D8,0x2A10,0x30CF,0x1649,0x1ADF
0xB4E0,0xE79A,0x450A,0x92AF,0x537A,0xD7A5
0x97AA,0x8F29,0x62EF,0x7A78,0x1883,0x1897
0xB863,0xBA00,0x5199,0x4F44,0x0263,0x1EDD
0xC266,0x448D,0x7F5E,0x0D17,0x86EB,0x7249
0xE371,0x2589,0x96CC,0xD472,0xC6F8,0x42BE
0x7A9C,0x538C,0x0F18,0x2601,0x2910,0x2919
0x8088,0x0F49,0x49D6,0xFA18,0x8FC1,0xB3CE
0xA6A0,0xFA1A,0x53D8,0x8732,0x5CBA,0xD4EA
0x57A3,0x4D93,0x4236,0x043C,0x1A30,0x460A
0x7EBB,0x930E,0x3B17,0x7EA7,0xEDB5,0x45B0
0x56A9,0xCEFB,0x2321,0xAB67,0x9852,0x8846
0x1946,0xD29C,0xE805,0xA790,0xCBDA,0x4F95
0xB45F,0xC3F3,0x45B1,0xCEB2,0x77AC,0x8B03
0xF687,0xE319,0x83AB,0x9624,0x159E,0x158F
0xEA14,0xF494,0x9F00,0x8DBE,0x1E80,0x12BE
0x8F81,0xEB55,0x7AD0,0x9EC0,0x64D4,0xE410
0x1CD2,0xCBDE,0xD5AC,0xB64F,0xD70C,0x63E3
0x2D97,0x6A45,0x1C20,0x1F51,0x47D2,0x0371
0x3505,0xEF2B,0xCCEE,0xAA16,0xDA2E,0x66F8
0x5268,0x1740,0x2764,0xE209,0x4528,0xC56D
0x41CC,0xCA04,0x30D3,0xBF70,0x8BC8,0x8FA3
0x929E,0x0D30,0x5FF6,0xFCE3,0x9FAE,0xA315
0x0056,0xDE3D,0xB1CC,0xAB3D,0xDE6B,0x1AF1
0x7D1A,0xFA92,0x04B5,0xB78A,0x8788,0xB33F
0x6918,0xEF0E,0x10AF,0x9A3B,0x8616,0x8A94
0xB818,0x82AD,0x417E,0x77F1,0x3AB5,0x368F
0x6366,0x2342,0xDE3F,0xCE03,0x4024,0x103C
0xA91B,0xCC3C,0x5060,0xB52E,0x6527,0xE54E
0xB49A,0xBDEC,0x4DFC,0x440F,0x0976,0x09F3
0x11A9,0xFA9A,0xF866,0x87B2,0xEB33,0x7FD4
